URL,Art,Absatz,,,,,,,,,,,,,,,,,,,,,
https://www.brandt-pb.de/Unternehmen/Wir-ueber-uns/,Gründung,Das Unternehmen Brandt GmbH wurde von Eduard Brandt am 01.06.1952 als Einzelfirma in Paderborn gegründet.,,,,,,,,,,,,,,,,,,,,,
https://www.brandt-pb.de/Unternehmen/Wir-ueber-uns/,Mitarbeiter,Durch einen konjukturellen Aufschwung wuchs der Betrieb in den folgenden Jahren auf 7 Mitarbeiter an.,,,,,,,,,,,,,,,,,,,,,
https://www.sanitaer-ohz.de/unternehmen/shk/team,Gründung,GRÜNDUNG 2007,,,,,,,,,,,,,,,,,,,,,
https://www.sanitaer-ohz.de/unternehmen/shk/team,Mitarbeiter,MITARBEITER 21 + 3 Auszubildende,,,,,,,,,,,,,,,,,,,,,
https://www.sundh.de,Gründung,Unsere S+H – Sanitär- und Heizungstechnik Vechta wurde 1966 gegründet ist seit über 50 Jahren DER zuverlässige Handwerksbetrieb an der Seite unserer Kunden.,,,,,,,,,,,,,,,,,,,,,
https://www.sundh.de,Mitarbeiter,"Rund 90 Mitarbeiter im Firmenverbund, Spezialisten, wie Meister der Gewerke, Versorgungstechniker, Diplom-Ingenieure und natürlich gut geschulte Monteure unterstützen unsere Kunden mit Kompetenz und Leistungsfähigkeit. Nach der Fertigstellung einer Baumaßnahme steht unser hochqualifiziertes Serviceteam für Wartungen und Instandhaltungen bereit.",,,,,,,,,,,,,,,,,,,,,
https://www.j-runge.de/unternehmen/shk/team,Mitarbeiter,FOTOS,,,,,,,,,,,,,,,,,,,,,
https://www.j-runge.de/unternehmen/shk/ueber_uns,Mitarbeiter,"Heute besteht unser Team aus ca. 20 Mitar­beitern (Meister, Gesellen, Kunden­dienst­mon­teure, Aus­zu­bil­dende, Büro­kräfte sowie die Geschäfts­leitung).",,,,,,,,,,,,,,,,,,,,,
https://www.lohr-lueneburg.de/unternehmen/shk/team,Mitarbeiter,FOTOS,,,,,,,,,,,,,,,,,,,,,
https://www.sonderfeld.de/unternehmen/shk/team,Mitarbeiter,FOTOS,,,,,,,,,,,,,,,,,,,,,
https://www.dietmar-mueller-hls.de/unternehmen/shk/team,Mitarbeiter,FOTOS,,,,,,,,,,,,,,,,,,,,,
https://www.dachdecker-team.de/,Gründung,"Die Dachdecker-Team GmbH aus dem Havelland, bietet seit 2003 mit seinen hochmotivierten und qualifizierten Mitarbeitern, qualitativ hochwertige Arbeiten bei allen anfallenden Dachdeckerarbeiten sowie diversen Nebenarbeiten an.",,,,,,,,,,,,,,,,,,,,,
https://www.dachdecker-industriellehallen.de/unternehmen/,Mitarbeiter,FOTOS,,,,,,,,,,,,,,,,,,,,,
https://www.zep-team.de/,Mitarbeiter,FOTO,,,,,,,,,,,,,,,,,,,,,
https://www.dachdecker-owl.de/ueber-uns.html,Gründung,Die Firma JAKOB PETKER Dachdeckermeister GmbH blickt auf eine 20jährige Firmengeschichte zurück.,,,,,,,,,,,,,,,,,,,,,
https://www.dachdecker-owl.de/ueber-uns.html,Mitarbeiter,Seit der Gründung sind wir schnell gewachsen und beschäftigen seitdem regelmäßig 15-20 Mitarbeiter.,,,,,,,,,,,,,,,,,,,,,
https://www.dachdecker-blomberg.com/ueber-uns/,Gründung,Am 11.03.2004 schließlich die Gründung des heutigen Dachdeckerunternehmens durch Daniel Blomberg seinerzeit am Standort Verl.,,,,,,,,,,,,,,,,,,,,,
https://www.dachdecker-blomberg.com/ueber-uns/,Mitarbeiter,"Zur Zeit beschäftigt die Dachdeckerei Daniel Blomberg 19 Dachdeckergesellen, Zimmerer, Dachdecker Helfer sowie zwei Mitarbeiterinnen im kaufmännischen Büro und drei Auszubildende.",,,,,,,,,,,,,,,,,,,,,
https://palsbroeker.de/ueber-uns,Gründung,Seit nun fast 120 Jahren wird der Handwerksbetrieb in vierter Generation am Strotweg 18 in Bünde geführt. Der Firmengründer Heinrich übergab seinem Sohn Werner den väterlichen Betrieb 1926.,,,,,,,,,,,,,,,,,,,,,
https://palsbroeker.de/ueber-uns,Mitarbeiter,FOTOS (MIT HUND),,,,,,,,,,,,,,,,,,,,,
https://dachdecker-pro.de/uber-uns/,Gründung,Seit über 10 Jahren bieten wir hochwertige Dachdeckerarbeiten in Hagen und Umgebung an.,,,,,,,,,,,,,,,,,,,,,
https://www.dachdecker-grueter.de/ueber-uns.html,Gründung,Unser Dachdeckerbetrieb wurde 1988 nach bestandener Meisterprüfung von Detlef Grüter gegründet,,,,,,,,,,,,,,,,,,,,,
https://www.dachdecker-grueter.de/ueber-uns.html,Mitarbeiter,Heute besteht unser Team aus 12 Mitarbeitern,,,,,,,,,,,,,,,,,,,,,
https://www.dachdecker-elsbecker.de/ueber-uns/index.html,Gründung,Am 1. Juli 2021 beging Andreas Elsbecker sein 30-jähriges Firmenbestehen.,,,,,,,,,,,,,,,,,,,,,
https://www.dachdecker-elsbecker.de/ueber-uns/index.html,Mitarbeiter,FOTO,,,,,,,,,,,,,,,,,,,,,
https://www.dachdecker-loewen.de/%C3%BCber-uns,Mitarbeiter,Heute besteht unser Team aus drei engagierten Mitarbeitern.,,,,,,,,,,,,,,,,,,,,,
https://www.dachdecker-loewen.de/%C3%BCber-uns,Gründung,Als Inhaber eines jungen Dachdeckerunternehmen besitze ich bereits über 15 Jahren Berufserfahrung in der Branche.,,,,,,,,,,,,,,,,,,,,,
https://otten-grein.de/wir-ueber-uns/,Gründung,Ein Familienbetrieb seit 1938,,,,,,,,,,,,,,,,,,,,,
https://www.becker-dachdecker-stommeln.de/%C3%BCber-uns/,Gründung,Der Dachdeckerbetrieb Becker wurde 1879 von Heinrich Becker in Stommeln gegründet und seither in Familienhand weitergeführt – mittlerweile in der fünften Generation.,,,,,,,,,,,,,,,,,,,,,
https://www.becker-dachdecker-stommeln.de/%C3%BCber-uns/,Mitarbeiter,Der Meisterbetrieb beschäftigt derzeit dreizehn Angestellte hiervon sind drei Auszubildende.,,,,,,,,,,,,,,,,,,,,,
https://www.menke-haustechnik.de/unternehmen/shk/team,Mitarbeiter,FOTOS,,,,,,,,,,,,,,,,,,,,,
https://www.marquardt-streck.de/ueber-uns/team,Mitarbeiter,FOTOS,,,,,,,,,,,,,,,,,,,,,
https://www.marquardt-streck.de/ueber-uns,Mitarbeiter,Als Dienstleistung­sunter­nehmen für Haus­technik in Hamburg verfügt Marquardt & Streck über 25 qualifizierte Mitarbeiter.,,,,,,,,,,,,,,,,,,,,,
https://www.marquardt-streck.de/ueber-uns,Gründung,Genau das machen wir bei Marquardt & Streck seit mehr als 30 Jahren. Wir sind Ihre Profis für Haus­technik.,,,,,,,,,,,,,,,,,,,,,
https://www.heitmann-haustechnik.de/loesungen/sanitaer/,Mitarbeiter,"Mit seinen 65 Mitarbeitenden ist das auf die Technische Gebäudeausrüstung (TGA) spezialisierte Unternehmen ein Komplettanbieter für die Bereiche Heizung, Klima, Lüftung, Sanitär, Gebäude- und Elektrotec",,,,,,,,,,,,,,,,,,,,,
https://www.heitmann-haustechnik.de/ueber-uns-2/,Gründung,Am 1. Juli 1984 gründete Günter Heitmann die Heitmann Haustechnik GmbH. Heute ist das Unternehmen auf die ganzheitliche Umsetzung und Planung im Bereich der technischen Gebäudeausrüstung (TGA) spezialisiert. Volker Heitmann hat 2006 die kaufmännische Leitung des Unternehmens übernommen.,,,,,,,,,,,,,,,,,,,,,
https://www.dachdecker-sommer.de/,Gründung,Über 30 Jahre zufriedene Kunden in Lemgo und Umgebung.,,,,,,,,,,,,,,,,,,,,,
https://www.wiesner-dachdecker.de/%C3%BCber-uns/,Gründung,"Der Name Wiesner ist bereits seit über 40 Jahren ein Begriff, wenn es um Dächer und Fassaden geht. In Mülheim an der Ruhr ansässig, begann der Vater, Wilhelm Wiesner, in den 1970 er Jahren mit einem kleinen LKW und viel Spaß an seinem Beruf.",,,,,,,,,,,,,,,,,,,,,
https://www.wiesner-dachdecker.de/%C3%BCber-uns/,Mitarbeiter,"Seit 2003 leitet Andreas Wiesner, Dachklempnergeselle und Dachdeckermeister den Familienbetrieb und beschäftig 4 Dachdeckergesellen und einen Lehrling.",,,,,,,,,,,,,,,,,,,,,
https://dachdecker-kayser.de/jobs.html,Gründung,Wir sind seit 2014 ein eingetragener Handwerksbetrieb mit mehr als 35 Jahren Berufserfahrung.,,,,,,,,,,,,,,,,,,,,,
https://presuhn.de/ueber-uns,Gründung,Seit 1872 sind wir als Dachdeckermeister aktiv und haben in dieser Zeit fünf Generationen erfahrener Experten hervorgebracht.,,,,,,,,,,,,,,,,,,,,,
https://presuhn.de/ueber-uns,Mitarbeiter,FOTOS,,,,,,,,,,,,,,,,,,,,,
https://www.raabe-bedachungen.de/,Gründung,Seit über 155 Jahren verknüpfen wir traditionelles Handwerk mit modernster Technik. Am 18. April 1865 gründete der Ur-Ur-Großvater August Raabe in Lemgo das wohl älteste Bedachungsgeschäft in Lippe.,,,,,,,,,,,,,,,,,,,,,
https://www.dachdecker-henschel.de/wir-ueber-uns/,Gründung,Seinen mittlerweile renommierten Meisterbetrieb führt Andreas Henschel seit 2011.,,,,,,,,,,,,,,,,,,,,,
https://www.dachdecker-henschel.de/wir-ueber-uns/,Mitarbeiter,FOTOS (MIT HUND),,,,,,,,,,,,,,,,,,,,,
https://www.dach-lang.de/ueberuns/,Gründung,1953 gegründet,,,,,,,,,,,,,,,,,,,,,
https://www.dach-lang.de/ueberuns/,Mitarbeiter,40 Mitarbeiter,,,,,,,,,,,,,,,,,,,,,
https://www.finke-bedachungen.de/wir-%C3%BCber-uns/,Gründung,Finke Bedachungen wurde 1946 in Weyhe-Melchiorshausen von Johann Finke gegründet.,,,,,,,,,,,,,,,,,,,,,
https://www.finke-bedachungen.de/wir-%C3%BCber-uns/,Mitarbeiter,Kontinuierlich beschäftigt der Betrieb 15 Mitarbeiter darunter 2 Auszubildende.,,,,,,,,,,,,,,,,,,,,,
https://polten-iserlohn.de,Gründung,"Seit mehr als 30 Jahren sind wir Ihr kompetenter Partner, wenn es um Heizung und Sanitär, sowie damit verbundene Planung, Installation, Wartung und Reparaturen geht.",,,,,,,,,,,,,,,,,,,,,
https://www.luehrs-kleinbad.de/unternehmen/shk/ueber_uns,Mitarbeiter,Rund 20 Mit­ar­bei­ter sor­gen stän­dig für die Zu­frie­den­heit der Kunden.,,,,,,,,,,,,,,,,,,,,,
https://www.luehrs-kleinbad.de/unternehmen/shk/ueber_uns,Gründung,Bereits 1881 wurde die Firma Lührs & Co. in Ham­burg ge­grün­det.,,,,,,,,,,,,,,,,,,,,,
https://www.sanitaer-besa.de/ueber-uns/ueber-sanitaer-besa/,Gründung,Die Firma Besa Sanitärtechnik GmbH wurde im Dezember 2004 in Leutenbach gegründet.,,,,,,,,,,,,,,,,,,,,,
https://www.sanitaer-besa.de/ueber-uns/ueber-sanitaer-besa/,Mitarbeiter,Wir beschäftigen zur Zeit 20 Mitarbeiter in verschiedenen Bereichen und wachsen immer weiter.,,,,,,,,,,,,,,,,,,,,,
https://www.huber-heizungsbau.de/unsere-geschichte.html,Gründung,Das Familienunternehmen wurde Ende 1972 von Adolf Huber in den Räumlichkeiten des Staudinger Hofs in Ampfing mit nur einem Mitarbeiter gegründet.,,,,,,,,,,,,,,,,,,,,,
https://www.koethe-gmbh.de/unternehmen/shk/ueber_uns,Gründung,1962 wurde die W. Köthe GmbH in Hannover von Werner Köthe gegründet und wird seit 1998 in der 2. Generation von Christian Köthe geführt.,,,,,,,,,,,,,,,,,,,,,
https://www.koethe-gmbh.de/unternehmen/shk/team,Mitarbeiter,FOTOS,,,,,,,,,,,,,,,,,,,,,
https://www.sparwel.de/unternehmen/shk/ueber_uns,Gründung,Die Firma Sparwel wurde 1970 von Ludwig Sparwel gegründet und wird nun in zweiter Generation durch Obermeister Ralf Sparwel geführt.,,,,,,,,,,,,,,,,,,,,,
https://www.sparwel.de/unternehmen/shk/team,Mitarbeiter,FOTOS,,,,,,,,,,,,,,,,,,,,,
https://www.hopf-solar.de/unternehmen/shk/firmenchronik,Gründung,Seit 1753 ist die Familie Hopf in Warstein als Handwerksbetrieb tätig.,,,,,,,,,,,,,,,,,,,,,
https://www.hopf-solar.de/unternehmen/shk/team,Mitarbeiter,FOTOS,,,,,,,,,,,,,,,,,,,,,
https://adlersolar.de/region-oldenburg/,Gründung,Gegründet wurde ADLER Solar 2008. ,,,,,,,,,,,,,,,,,,,,,
https://www.sunenergiekonzept.de/ueber-uns,Gründung,Unser Unternehmen in Zahlen 799 installierte Solarpanele 69235 generierte Kilowattstunden 112 glückliche Kunden 2020 gegründet,,,,,,,,,,,,,,,,,,,,,
https://moin.solar/unsere-geschichte-photovoltaik-westerstede,Gründung,"Gegründet wurde die MOIN SOLAR GmbH im Mai 2020 durch Simon Eilers und Stefan Janßen, damals noch als JE KAPITAL GmbH.",,,,,,,,,,,,,,,,,,,,,
https://www.klaus-weber-gmbh.de/ueber-uns/historie.html,Gründung,"Seit Klaus Weber kurz nach seiner Meisterprüfung zum Gas- und Wasserinstallateur 1961 die Firma in der Eschstraße 40 gegründet hat, wird die bodenständige Firma stets auf modernstem Stand gehalten.",,,,,,,,,,,,,,,,,,,,,
https://www.klaus-weber-gmbh.de/ueber-uns/historie.html,Mitarbeiter,FOTOS,,,,,,,,,,,,,,,,,,,,,
https://www.deindach-hemmersbach.de/uberuns/,Gründung,Timeline,,,,,,,,,,,,,,,,,,,,,
https://www.deindach-hemmersbach.de/uberuns/,Mitarbeiter,FOTOS,,,,,,,,,,,,,,,,,,,,,
https://www.muck-dach.de/index.php/ueber-uns,Gründung,"Seit über 65 Jahren steht unser Unternehmen, nun mehr in dritter Generation, im Dienste unserer zufriedenen Kundschaft.",,,,,,,,,,,,,,,,,,,,,
https://www.dachdeckerei-bossmann.de/ueber-uns,Gründung,30+ Jahre Erfahrung,,,,,,,,,,,,,,,,,,,,,
https://www.dachdeckerei-bossmann.de/ueber-uns,Mitarbeiter,25 Motivierte Mitarbeiter,,,,,,,,,,,,,,,,,,,,,
https://www.w-elstermeier.de/ueber-uns/,Gründung,"Seit 1949 sind wir Ihr fachlich kompetener und zuverlässiger Ansprechpartner für erstklassige Dachdecker, Bauklempner und Abdichtungsarbeiten aller Art.",,,,,,,,,,,,,,,,,,,,,
https://www.dachprofi-senden.de/%C3%BCber-uns/,Gründung,"Im Jahr 2010 als Groß Bedachung GbR gegründet, firmierte unser Unternehmen 2016 um zur GmbH.",,,,,,,,,,,,,,,,,,,,,
https://www.dachprofi-senden.de/%C3%BCber-uns/,Mitarbeiter,Unsere Firma ist derzeit ein effizienter 7-Mann-Betrieb.,,,,,,,,,,,,,,,,,,,,,
https://voges-dach.de/ueber-uns-dachdecker-meisterbetrieb-jan-voges-gmbh/#team,Gründung,"Als ich vor fast 20 Jahren begonnen habe, mein eigenes Unternehmen zu gründen, wollte ich Dinge immer besser machen und einen guten Service bieten.",,,,,,,,,,,,,,,,,,,,,
https://www.kunert-daecher.de/,Gründung,Wir von der Kunert Dächer und Bau GmbH haben mehr als 30 Jahre Erfahrung in der Bedachungs- und Baubranche.,,,,,,,,,,,,,,,,,,,,,
https://www.mse-dach.de/%C3%BCber-uns,Mitarbeiter,Wir beschäftigen durchschnittlich 20 Arbeitnehmer und von denen der größte Teil aus eigener Ausbildung stammt.,,,,,,,,,,,,,,,,,,,,,
https://www.mse-dach.de/%C3%BCber-uns,Gründung,"Die Friedländer Dachdecker eG ist ein Dachdeckermeisterbetrieb, der seit 1990 in Norddeutschland tätig ist.",,,,,,,,,,,,,,,,,,,,,
https://tillmann-bedachungen.de/ueber-uns/,Mitarbeiter,"Unser Team besteht aus 6 qualifizierten Mitarbeitern, einem Helfer und einem Auszubildenden.",,,,,,,,,,,,,,,,,,,,,
https://www.stoeffelmeir.de/ueber-uns-dachdecker-augsburg/,Gründung,Timeline,,,,,,,,,,,,,,,,,,,,,
https://www.tiede-bedachungen.de/ueber_uns,Mitarbeiter,"Das Team von Tiede Bedachungen wird durch zwei weitere Dachdeckergesellen, ein Lehrling sowie ein weiterer Dachdeckergehilfe vervollständigt.",,,,,,,,,,,,,,,,,,,,,
https://www.tiede-bedachungen.de/ueber_uns,Gründung,seit 17.11.2011 Selbstständigkeit Tiede Bedachungen,,,,,,,,,,,,,,,,,,,,,
https://www.dach-atlas.de/ueber-uns/,Mitarbeiter,Seit über 20 Jahren steht unser Fachbetrieb für Zuverlässigkeit und nachhaltige Qualität.,,,,,,,,,,,,,,,,,,,,,
https://www.radebeuler-dachdecker.de/%C3%BCber-uns,Mitarbeiter,Mit über 30 Mit­ar­bei­tern zählt die Ra­de­beu­ler Dach­de­cker GmbH aus 01445 Ra­de­beul zu den größ­ten In­nungs­be­trie­ben der Re­gi­on.,,,,,,,,,,,,,,,,,,,,,
https://www.radebeuler-dachdecker.de/%C3%BCber-uns,Gründung,"Aus der 1959 ge­grün­de­ten Pro­duk­ti­ons­ge­mein­schaft des Hand­werks PGH „Em­por“ her­vor­ge­gan­gen, zäh­len die Pro­fis des tra­di­ti­ons­rei­chen Dach­de­cker­un­ter­neh­mens zu den er­fah­rens­ten ih­rer Bran­che.",,,,,,,,,,,,,,,,,,,,,
https://dachdecker-melchior.de/home/ueber-uns,Gründung,"Die Geschichte der Melchior Dachdecker GmbH reicht bis ins Jahr 1897 zurück, als der Dachdeckermeister Paul Melchior in Priebus/Schlesien seinen Handwerksbetrieb gründete.",,,,,,,,,,,,,,,,,,,,,
https://baars-bedachungen.de/72/unser-team,Gründung,"Die Firma Baars Bedachungen GmbH, gegründet im Jahr 1984, blickt auf eine mehr als 35 jährige Firmengeschichte zurück.",,,,,,,,,,,,,,,,,,,,,
https://baars-bedachungen.de/72/unser-team,Mitarbeiter,FOTOS,,,,,,,,,,,,,,,,,,,,,
https://www.dachdecker-krumm.de/ueber-uns/,Mitarbeiter,Unser Team besteht aus .15 Mitarbeitern,,,,,,,,,,,,,,,,,,,,,
https://www.dachdecker-krumm.de/ueber-uns/,Gründung,Die ersten Grundsteine waren gelegt und Herr Krumm konnte das Dachdeckergewerbe am 01.09.2003 eröffnen.,,,,,,,,,,,,,,,,,,,,,
https://www.neuss-ac.de/ueber-uns.html,Gründung,Die Firma Bedachungen Neuss wurde 2005 durch den Betriebsinhaber und Dachdeckermeister Frank Neuss gegründet.,,,,,,,,,,,,,,,,,,,,,
https://www.neuss-ac.de/ueber-uns.html,Mitarbeiter,FOTOS,,,,,,,,,,,,,,,,,,,,,
https://dachschaden.de/ueber-uns/,Gründung,Das mittelständische Familienunternehmen wurde 1905 in Dresden gegründet.,,,,,,,,,,,,,,,,,,,,,
https://dachschaden.de/ueber-uns/,Mitarbeiter,Die Qualifizierung der 60 Mitarbeiter nimmt einen hohen Stellenwert ein und wird durch regelmäßige Fachschulungen gesichert.,,,,,,,,,,,,,,,,,,,,,
https://ottobedachungen.de/,Gründung,"Als Meisterbetrieb seit 1990 bieten wir alle Arbeitsleistungen im Dachbereich in höchster Qualität aus einer Hand an, was unseren Auftraggebern Zeit, Nerven und vor allem Geld spart.",,,,,,,,,,,,,,,,,,,,,
https://ottobedachungen.de/,Mitarbeiter,FOTO,,,,,,,,,,,,,,,,,,,,,
https://viellechner.com/,Gründung,Die Dachdeckerei Viellechner aus Berlin ist seit 1992 Ihr Ansprechpartner rund ums Dach.,,,,,,,,,,,,,,,,,,,,,
https://viellechner.com/,Mitarbeiter,FOTO,,,,,,,,,,,,,,,,,,,,,
https://www.dachdeckermeister-aljo-sennewald.de/,Gründung,"Im März 2000 wurde die Firma durch mich, Dachdeckermeister Aljo Sennewald, mit zwei angestellten Gesellen in Herbsleben (Unstrut-Hainich-Kreis Thüringen) gegründet.",,,,,,,,,,,,,,,,,,,,,
https://www.dachdeckermeister-aljo-sennewald.de/,Mitarbeiter,"Unser Team besteht zurzeit aus sechs zuverlässigen und fachlich unterschiedlich spezialiserten Dachdeckern, einer guten Seele im Büro und einem Lehrling.",,,,,,,,,,,,,,,,,,,,,
https://dach-jaeger.de/ueber-uns/,Gründung,"Seit 2005 sind wir Ihr kompetenter Partner rund ums Dach bei Neueindeckungen, Dachsanierungen, Dachausbau und Dachneubau.",,,,,,,,,,,,,,,,,,,,,
https://dach-jaeger.de/ueber-uns/,Mitarbeiter,FOTO/FOTOS,,,,,,,,,,,,,,,,,,,,,
https://warnke-dach.de/ueber-uns/,Gründung,"Unsere Dachdeckerei besteht seit 1985, und wir haben z.Zt. 15 Mitarbeiter davon drei Azubis beschäftigt.",,,,,,,,,,,,,,,,,,,,,
https://warnke-dach.de/ueber-uns/,Mitarbeiter,"Unsere Dachdeckerei besteht seit 1985, und wir haben z.Zt. 15 Mitarbeiter davon drei Azubis beschäftigt.",,,,,,,,,,,,,,,,,,,,,
https://www.barner-bedachungen.de/unternehmen/dach-holzbau/ueber_uns,Gründung,Gegründet wurde unser Familien­unter­nehmen in Min­den / West­falen bereits im Jahre 1925 durch Wil­helm Barner.,,,,,,,,,,,,,,,,,,,,,
https://www.barner-bedachungen.de/unternehmen/dach-holzbau/ueber_uns,Mitarbeiter,"Sämt­liche Dach­ar­bei­ten führen heute 23 Mitar­beiter, darunter zwei Aus­zubil­dende, mit großem hand­werk­lichen Geschick in be­währ­ter Qua­lität aus.",,,,,,,,,,,,,,,,,,,,,
https://www.frittgen-dachdecker-hamm.de/ueber-uns/,Gründung,Unser Dachdeckerfachbetrieb blickt auf eine 30-jährige Geschichte zurück.,,,,,,,,,,,,,,,,,,,,,
https://kutschinski-bedachungen.de/,Mitarbeiter,"Unsere 15 Mitarbeiter sind gut ausgebildet, motiviert und zuverlässig",,,,,,,,,,,,,,,,,,,,,
https://www.dachdecker-latussek.de/index.php/ueberuns,Gründung,Das Unternehmen „Dachdecker Latussek“ mit Firmensitz in Werne wurde 2015 von Dachdeckermeister Randy Latussek (rechts im Bild) gegründet.,,,,,,,,,,,,,,,,,,,,,
https://www.dachdecker-latussek.de/index.php/team,Mitarbeiter,FOTOS,,,,,,,,,,,,,,,,,,,,,
https://www.dachdecker-in-dortmund.de/,Gründung,Das Unternehmen wurde 1988 durch Matthias und Hans Gerd Lagoda gegründet und nahm am 16.01.1989 den Geschäftsbetrieb auf.,,,,,,,,,,,,,,,,,,,,,
https://www.dachdecker-detjen.de/uber-uns,Gründung,"1992 gründete der Dachdeckermeister Frank Detjen als Einzelunternehmung die Dachdeckerei in Bückeburg, sechs Jahre später erfolgte die Umfirmierung in eine GmbH.",,,,,,,,,,,,,,,,,,,,,
https://dachdecker-gmbh.de/,Gründung,20+ Jahre Erfahrung,,,,,,,,,,,,,,,,,,,,,
https://www.hoffmann-ddm.de/%C3%BCber-uns/,Gründung,1952 gründete Dachdeckermeister Josef Hoffmann seinen Betrieb in Osnabrück-Haste.,,,,,,,,,,,,,,,,,,,,,
https://www.puellmann-dach.de/ueber-uns.html,Gründung,Die Firma Püllmann Dachbau besteht in diesem Jahr 151 Jahre.,,,,,,,,,,,,,,,,,,,,,
https://www.puellmann-dach.de/ueber-uns.html,Mitarbeiter,In unserem mittelständischen Handwerksbetrieb sind zur Zeit 27 Mitarbeiterinnen und Mitarbeiter beschäftigt.,,,,,,,,,,,,,,,,,,,,,
https://www.dachweiss.de/ueber-uns/,Gründung,Bereits seit 1972 sind wir für unsere Kunden aktiv.,,,,,,,,,,,,,,,,,,,,,
https://schulze-dachdecker.de/wir-ueber-uns,Gründung,Der Dachdecker-Meisterbetrieb Werner Schulze GmbH ist seit 1954 Ihr Ansprechpartner rund um das Thema Dachdeckerarbeiten und mehr.,,,,,,,,,,,,,,,,,,,,,
https://www.schmitz-waldmohr.de/unternehmen/dach-holzbau/ueber_uns,Mitarbeiter,Saisonal beschäftigen wir zwischen 12 und 18 Mitarbeitern.,,,,,,,,,,,,,,,,,,,,,
https://www.schmitz-waldmohr.de/unternehmen/dach-holzbau/ueber_uns,Gründung,Timeline,,,,,,,,,,,,,,,,,,,,,
https://klus-dachdecker.de/ueber-uns/,Gründung,Bereits im Jahre 1980 wurde Klus Bedachungen in Lingen an der Ems gegründet.,,,,,,,,,,,,,,,,,,,,,
https://klus-dachdecker.de/ueber-uns/,Mitarbeiter,40 Mitarbeiter kompetent und zuverlässig,,,,,,,,,,,,,,,,,,,,,
https://www.bedachungen-reimann.de/wir-ueber-uns,Gründung,Gegründet wurde unser Unternehmen als Familienbetrieb am 01.04.2004 von Inhaber und Dachdeckermeister Sebastian Reimann.,,,,,,,,,,,,,,,,,,,,,
https://www.howald.de/ueber-uns.html,Gründung,DachfensterSeit über 60 Jahren steht unser Name für qualitative Dacheindeckungen aller Art.,,,,,,,,,,,,,,,,,,,,,
https://schomberg-co.de/ueber-uns/,Mitarbeiter,Die meisten unserer 30 Mitarbeiter sind schon viele Jahre bei uns im Betrieb. / FOTO,,,,,,,,,,,,,,,,,,,,,
https://schomberg-co.de/ueber-uns/,Gründung,Seit fast 30 Jahren bilden wir kontinuierlich aus – egal ob in Jahren der Rezession oder des Wirtschaftswachstums.,,,,,,,,,,,,,,,,,,,,,
https://worring-dach-solar.de/ueber-uns,Gründung,Seit über 25 Jahren setzen wir auf Qualität zu fairem Preis und bieten Ihnen dazu den bestmöglichen Service.,,,,,,,,,,,,,,,,,,,,,
https://worring-dach-solar.de/ueber-uns,Mitarbeiter,FOTOS,,,,,,,,,,,,,,,,,,,,,
https://www.dachdeckerei-peto.de/%C3%BCber-uns/,Gründung,Unser Unternehmen wurde im Jahr 2011 von David Peto gegründet und besteht ausschließlich aus ausgebildeten Dachdeckern und Dachdeckermeistern.,,,,,,,,,,,,,,,,,,,,,
https://www.dachdeckerei-peto.de/%C3%BCber-uns/,Mitarbeiter,"Die Firma beschäftigt zur Zeit zwei Dachdeckermeister, 5 Dachdecker, einen AZUBI und eine Vollzeitbürokraft.",,,,,,,,,,,,,,,,,,,,,
https://www.luecking-dach.de/,Gründung,"Wir sind ein Traditionsunternehmen, das seit über 60 Jahren in der dritten Generation in Moers ansässig ist.",,,,,,,,,,,,,,,,,,,,,
https://www.luecking-dach.de/,Mitarbeiter,FOTO,,,,,,,,,,,,,,,,,,,,,
https://www.bedachungen-odinius.de/ueber-uns.aspx,Mitarbeiter,FOTOS,,,,,,,,,,,,,,,,,,,,,
https://www.pieper-bedachungen.com/,Mitarbeiter,FOTO,,,,,,,,,,,,,,,,,,,,,
https://www.dachdecker-monteton.de/das-unternehmen,Gründung,"1992 meldete er sich bei der Handwerkskammer Dortmund zum Meisterlehrgang in Teilzeit an, und bestand 1994 die Meisterprüfung. Noch im selben Jahr machte er sich selbstständig, stellte alsbald den ersten Mitarbeiter ein und erwarb eine kleine Grundausstattung eines befreundeten Dachdeckermeisters.",,,,,,,,,,,,,,,,,,,,,
https://www.dachdecker-monteton.de/unser-team978c1631,Mitarbeiter,FOTO/FOTOS,,,,,,,,,,,,,,,,,,,,,
https://benzel.eu/ueber-uns/,Gründung,"Seit der Gründung im Jahr 2005 haben wir uns kontinuierlich weiterentwickelt und sind stets bestrebt, Ihnen innovative und nachhaltige Lösungen zu bieten.",,,,,,,,,,,,,,,,,,,,,
https://benzel.eu/ueber-uns/,Mitarbeiter,"Unser Team besteht aus 25 engagierten und hochqualifizierten Mitarbeitern, die jeden Tag ihr Bestes geben, um Ihre Projekte erfolgreich umzusetzen. / FOTOS",,,,,,,,,,,,,,,,,,,,,
https://www.stappert-dachkonzepte.de/ueber-uns,Gründung,70 Jahre Erfahrung,,,,,,,,,,,,,,,,,,,,,
https://www.stappert-dachkonzepte.de/ueber-uns,Mitarbeiter,14 Mitarbeiter,,,,,,,,,,,,,,,,,,,,, -m
https://www.diedachdeckergmbh.de/ueber-uns,Gründung,Seit der Gründung im Jahr 1998 ist unser Unternehmen in Kelkheim ansässig.,,,,,,,,,,,,,,,,,,,,,
https://www.ball-bedachungen.de/ueber-uns,Gründung,Die Ball Zimmerei + Bedachungen GmbH & Co KG wurde 2003 von Ansgar Ball als Einzelunternehmen in Syke gegründet.,,,,,,,,,,,,,,,,,,,,,
https://www.ball-bedachungen.de/ueber-uns,Mitarbeiter,"Unser Team von 60 Mitarbeitern wird regelmäßig fortgebildet, um Bauvorhaben zeitgemäß umzusetzen.",,,,,,,,,,,,,,,,,,,,,
https://www.dachdecker-thurwach.de/unser-team/,Mitarbeiter,FOTOS,,,,,,,,,,,,,,,,,,,,,
https://www.bender-bedachungen.de/Ueber-uns/,Gründung,seit 1898 und mittlerweile erfolgreich in vierter Generation.,,,,,,,,,,,,,,,,,,,,,
https://www.sw-meindach.de/ueber-uns/,Gründung,2018 Firmengründung SW-meindach,,,,,,,,,,,,,,,,,,,,,
https://www.sw-meindach.de/ueber-uns/,Mitarbeiter,FOTOS,,,,,,,,,,,,,,,,,,,,,
https://www.bedachungen-vogelgesang.de/ueberuns-dachdecker-saarbruecken,Gründung,Seit 1890 ist unsere Dachdeckerei ein fester Bestandteil von Saarbrücken und steht für Qualität und Tradition in der Dachdeckkunst.,,,,,,,,,,,,,,,,,,,,,
https://www.heinz-krueger-oldenburg.de/unternehmen,Gründung,"1927 gegründet, führe ich unseren Dachdeckerbetrieb mittlerweile in vierter Generation.",,,,,,,,,,,,,,,,,,,,,
https://www.heinz-krueger-oldenburg.de/unternehmen,Mitarbeiter,"Mich unterstützt ein 30-köpfiges Team aus Dachdeckern, Dachdeckermeistern und Zimmermännern.",,,,,,,,,,,,,,,,,,,,,
https://www.mummert-bedachungen.de/ueber-uns/,Gründung,Das Unternehmen Mummert Bedachungen wurde 2012 vom gelernten Bautechniker Torben Mummert gegründet.,,,,,,,,,,,,,,,,,,,,,
https://www.dachdecker-daume.de/team/,Gründung,Rund ums Dach seit 1908,,,,,,,,,,,,,,,,,,,,,
https://www.dachdecker-daume.de/team/,Mitarbeiter,FOTOS,,,,,,,,,,,,,,,,,,,,,
https://dachdecker-aul.de/ueber-uns/,Gründung,"Am 1. November 1969 übernahm Dachdeckermeister Heini Aul die Dachdeckerei Max Claussen in der Großen Paaschburg 65, Itzehoe.",,,,,,,,,,,,,,,,,,,,,
https://dachdecker-aul.de/ueber-uns/,Mitarbeiter,FOTO,,,,,,,,,,,,,,,,,,,,,
https://hoer-dachdecker.de/ueber-uns/,Gründung,"Kaum hatte der Champagner seine Blasen verloren, habe ich nur acht Tage später, am 13. Mai 2008, meine eigene Firma gegründet.",,,,,,,,,,,,,,,,,,,,,
https://www.solar-dach.de/UeBER-UNS/,Gründung,Unser Dachdecker-Betrieb wurde 1975 vom Senior-Chef Hubert Rosenbaum als Einzel-Unternehmen gegründet.,,,,,,,,,,,,,,,,,,,,,
https://dachserviceost.de/ueber-uns/,Gründung,Ihr vertrauenswürdiger Partner seit 1994,,,,,,,,,,,,,,,,,,,,,
https://dachserviceost.de/ueber-uns/,Mitarbeiter,"Mit einem Team von etwa 12 Mitarbeitern sind wir in der Lage, auch große Bauvorhaben erfolgreich umzusetzen.",,,,,,,,,,,,,,,,,,,,,
https://www.dachdeckermeister-heiligenhaus.de/%C3%BCber-uns/,Gründung,Die Dachdeckerei Neumann arbeitet seit 2009 auf den Dächern von Heiligenhaus und Umgebung.,,,,,,,,,,,,,,,,,,,,,
https://www.dachdeckermeister-heiligenhaus.de/%C3%BCber-uns/,Mitarbeiter,In unserem Handwerksbetrieb sind zur Zeit 6 Mitarbeiterinnen und Mitarbeiter beschäftigt. / FOTOS,,,,,,,,,,,,,,,,,,,,,
https://dachdecker-godesberg.de/ueber-uns/,Gründung,Gegründet wurde die Firma Josef Otto Bedachungen und Bauklempner am 2. April 1966 durch unseren Seniorchef Josef Otto.,,,,,,,,,,,,,,,,,,,,,
https://www.dachdecker-tritscher.de/ueber-uns/,Gründung,"Seit der Gründung im Jahr 2011, verschrieb sich der Dachdeckermeisterbetrieb Alexander Tritscher aus Remscheid der qualitätvollen Kundenberatung und dem fachlichen Handwerk.",,,,,,,,,,,,,,,,,,,,,
https://www.dachdecker-tritscher.de/ueber-uns/,Mitarbeiter,FOTO,,,,,,,,,,,,,,,,,,,,,
https://www.wendel-bedachung.de/ueber-uns,Gründung,Die Wendel Bedachungs GmbH wurde 1994 von den Brüdern Heinrich und Manfred Wendel gegründet.,,,,,,,,,,,,,,,,,,,,,
https://www.wendel-bedachung.de/ueber-uns,Mitarbeiter,"Seit Bestehen des Unternehmens, wurde das Team kontinuierlich auf mittlerweile 28 Mitarbeiter ausgebaut.",,,,,,,,,,,,,,,,,,,,,
https://www.meybau.de,Mitarbeiter,Mit einem eingespielten Team von rund 120 Mitarbeitern realisieren wir unterschiedlichste Bauprojekte im gesamten Nordwesten.,,,,,,,,,,,,,,,,,,,,,
https://oldenburg-kunststoff-technik.de,Gründung,"Die Oldenburg Kunststoff-Technik GmbH ist ein mittelständiges Familienunternehmen, das seit über 45 Jahren Produkte aus 100 % recyclefähigem Polyethylen für die Verpackungs- und Baubranche fertigt.",,,,,,,,,,,,,,,,,,,,,
https://oldenburg-kunststoff-technik.de,Mitarbeiter,190 Mitarbeiter,,,,,,,,,,,,,,,,,,,,,
http://heizung-sauer-scherer.de,Gründung,Seit über 12 Jahren als Handwerksmeister stelle ich mir vor jedem Erstkontakt- oder Beratungsgespräch diese Frage.,,,,,,,,,,,,,,,,,,,,,
https://www.golissa.com/de/ueber-uns-1.html,Mitarbeiter,FOTO,,,,,,,,,,,,,,,,,,,,,
https://bellen.de/ueber-uns,Gründung,Die Firma H.-G. Bellen GmbH Dachdecker- und Klempnerei steht nun seit 1958 in der 3. Generation für höchste handwerkliche Qualität und Fachkenntnis rund ums Dach.,,,,,,,,,,,,,,,,,,,,,
https://www.engelhardt-dach-wand.de/ueber-uns/,Gründung,Im November 1993 meldete ich Gewerbe an und ließ mich in die Handwerksrolle eintragen.,,,,,,,,,,,,,,,,,,,,,
https://www.engelhardt-dach-wand.de/ueber-uns/,Mitarbeiter,Auf Grund einer soliden Betriebsentwicklung besteht heute der Betrieb aus durchschnittlich 5 Mitarbeitern.,,,,,,,,,,,,,,,,,,,,,
https://trutwin-dach.de/,Mitarbeiter,17 Professionelle Mitarbeiter im Unternehmen,,,,,,,,,,,,,,,,,,,,,
https://trutwin-dach.de/,Gründung,40+ Jahre Erfahrung,,,,,,,,,,,,,,,,,,,,,
https://www.dachdecker-buechel.de/ueber-uns.aspx,Gründung,"1966 von Willi Büchel gegründet, wird Willi Büchel & Söhne heute in zweiter Generation geführt.",,,,,,,,,,,,,,,,,,,,,
https://www.dachdecker-buechel.de/ueber-uns.aspx,Mitarbeiter,"Unser zehnköpfiges Team besteht aus Büroangestellten, Vorarbeitern und Gesellen.",,,,,,,,,,,,,,,,,,,,,
https://heller-dach.de/ueber-uns/,Gründung,"Der Name Heller Bedachungen steht seit nunmehr fast 120 Jahren für Qualität, Kompetenz und Zuverlässigkeit im Dachdeckerhandwerk.",,,,,,,,,,,,,,,,,,,,,
https://heller-dach.de/ueber-uns/,Mitarbeiter,FOTO,,,,,,,,,,,,,,,,,,,,,
https://www.splettstoesser-gmbh.de/ueber-uns/,Gründung,Die Firma Splettstößer GmbH wurde 1987 von Helmut Splettstösser in Bendorf gegründet und ist heute ein gewachsenes Handwerksunternehmen und Spezialist für alle Bereiche von Dach und Wand.,,,,,,,,,,,,,,,,,,,,,
https://www.splettstoesser-gmbh.de/ueber-uns/,Mitarbeiter,Unsere über 30 freundlichen und kompetenten Mitarbeiter betreuen Sie von der Anfrage bis zur Fertigstellung.,,,,,,,,,,,,,,,,,,,,,
https://www.dabesa.de/Ueber-uns/,Gründung,"Für das mehr als sechs Jahrzehnte fest in Potsdam verwurzelte Dachdeckerunternehmen wurde am 25. Juni 1958 der Grundstein gelegt, als sich drei Dachdeckermeister zu einer Genossenschaft vereinigten.",,,,,,,,,,,,,,,,,,,,,
https://www.dabesa.de/Ueber-uns/,Mitarbeiter,FOTO,,,,,,,,,,,,,,,,,,,,,
https://www.dachdecker-mildenhoyer.de/ueber-uns,Gründung,Am 06.04.1999 von Milden Hoyer gegründet begann unser Einsatz mit nur einer qualifizierten Fachkraft.,,,,,,,,,,,,,,,,,,,,,
https://www.dachdecker-mildenhoyer.de/ueber-uns,Mitarbeiter,"Unsere Mannschaft besteht inzwischen aus 15 Personen, von denen jeder erfahrener Profi in seinem Handwerk ist.",,,,,,,,,,,,,,,,,,,,,
https://www.hd-heuermann.de/unternehmen/,Gründung,Gegründet wurde unsere Firma 1977 von Heinz-Dieter Heuermann und seinem Vater Hinrich.,,,,,,,,,,,,,,,,,,,,,
https://www.allesunterdach.de/%C3%BCber-uns/,Gründung,"Unsere große Leidenschaft gehört den Dächern, Fassaden und Wänden von Häusern und Gebäuden – und das jetzt schon seit Januar 2013.",,,,,,,,,,,,,,,,,,,,,
https://www.mz-dach.de/dachdecker-ingelheim/,Gründung,Gegründet wurde das Unternehmen 1992 von Martina und Michael Zimmermann und hat sich seitdem einen Namen im gesamten Rhein-Main-Gebiet gemacht.,,,,,,,,,,,,,,,,,,,,,
https://www.grau-bedachung.de/about,Gründung,Seine Einzelfirma hat er aus eigener Kraft am 1. Oktober 1987 gegründet.,,,,,,,,,,,,,,,,,,,,,
https://www.grau-bedachung.de/about,Mitarbeiter,"Durch seine 15 Mitarbeiter und einen Azubi wird das Anliegen von Olaf Grau, fachlich kompetente und qualitativ hochwertige Ausführung der Dachdeckerarbeiten, garantiert.",,,,,,,,,,,,,,,,,,,,,
https://www.reh-dachdecker.de/ueber-uns/,Gründung,"Der Dachdeckerbetrieb Reh + Geil wurde 1996 gegründet, nachdem Herr Reh vier Jahre zuvor seine Meisterprüfung erfolgreich absolviert hat.",,,,,,,,,,,,,,,,,,,,,
https://www.reh-dachdecker.de/ueber-uns/,Mitarbeiter,Zur Zeit setzt das Team – sieben bestens ausgebildete hochmotivierte Mitarbeiter und Mitarbeiterinnen – unser Firmenmotto: „Wir wollen zufriedene Kunden und dafür tun wir alles“ in die Tat um.,,,,,,,,,,,,,,,,,,,,,
https://www.dachdecker-grabosch.de/index.php/about-us,Gründung,Der Dachdeckermeisterbetrieb Grabosch besteht seit 1991 und ist seit langem in der Dachdeckerinnung vertreten.,,,,,,,,,,,,,,,,,,,,,
https://dachdecker-jona.de/ueber-uns/,Gründung,Das Flachdach ist seit 1998 unsere Leidenschaft und wir möchten uns als Flachdachbetrieb in Gaggenau und Murgtal etablieren und ein fester Bestandteil der Stadt werden.,,,,,,,,,,,,,,,,,,,,,
https://www.otto-dachbau.de/familienbetrieb-otto/,Gründung,"Unsere Betrieb wurde nach langjähriger Erfahrung im Dachdecker-Handwerk vor über 15 Jahren als Zwei-Mannbetrieb mit Garagenlager gegründet, was man heute meist als „Start-up“ bezeichnet.",,,,,,,,,,,,,,,,,,,,,
https://www.otto-dachbau.de/familienbetrieb-otto/,Mitarbeiter,"Zu unserem Team zählen neben der Geschäftsleitung aktuell unser zweiter Dachdeckermeister und Bauleiter, ein Vorabeiter und 6 weiteren Fachgesellen, dazu ein 1 Auszubildender im 3. Lehrjahr.",,,,,,,,,,,,,,,,,,,,,
https://schaeffer-dach.de/ueber-uns/,Gründung,Seit 1988 prägen wir im Dachdecker-Fachbetrieb den Standard für Qualität und Fachkenntnisse.,,,,,,,,,,,,,,,,,,,,,
https://schaeffer-dach.de/ueber-uns/,Mitarbeiter,"Unser engagiertes Team, bestehend aus über 40 Mitarbeitern, angeführt von den erfahrenen Dachdeckermeistern Dirk Neuhaus und Heiko Blaschka, sorgt für Zuverlässigkeit, Innovation und erstklassige Handwerkskunst.",,,,,,,,,,,,,,,,,,,,,
https://dachdeckerpohl.de/ueber-Uns,Gründung,Ihr zuverlässiger Partner rund ums Dach seit 1974,,,,,,,,,,,,,,,,,,,,,
https://www.dachdeckerei-burgdorf.de/ueber-uns/,Gründung,Unser Betrieb wurde 1929 in erster Generation von Otto Burgdorf gegründet.,,,,,,,,,,,,,,,,,,,,,
https://www.dachdeckerei-burgdorf.de/ueber-uns/,Mitarbeiter,Zurzeit arbeiten wir mit 9 Mitarbeiter/innen.,,,,,,,,,,,,,,,,,,,,,
https://www.lengauer-bedachungen.de/ueber-uns/,Gründung,"1970 verkaufte Herr Bernhard Müller seinen alteingesessenen Dachdeckerbetrieb an der Hindenburgstraße 89 in Voerde-Friedrichsfeld, auf Grund mangelnder Nachfolge, an den Dachdeckermeister (DDM) Egon Lengauer.",,,,,,,,,,,,,,,,,,,,,
https://www.lengauer-bedachungen.de/ueber-uns/,Mitarbeiter,FOTO,,,,,,,,,,,,,,,,,,,,,
https://www.weber-bedachungen-lohra.de/%C3%BCber-uns/,Gründung,Seit 1967 sind wir für die Projekte unserer Kunden unterwegs und seit 1982 ist bereits Otto Weber Geschäftsführer unseres Unternehmens.,,,,,,,,,,,,,,,,,,,,,
https://www.weber-bedachungen-lohra.de/%C3%BCber-uns/,Mitarbeiter,Zurzeit haben wir 10 Mitarbeiter.,,,,,,,,,,,,,,,,,,,,,
https://www.sbdach.de/,Mitarbeiter,FOTOS,,,,,,,,,,,,,,,,,,,,,
https://baehren-bedachung.de/ueber-uns.html,Gründung,Mehr als 15 Jahre Dachdecker aus Überzeugung,,,,,,,,,,,,,,,,,,,,,
https://dachdecker-heinrich.de/about-us/,Gründung,Unser Unternehmen wurde 01.01.1997 von Sven Heinrich gegründet und hat seinen Sitz in Stelle.,,,,,,,,,,,,,,,,,,,,,
https://dachdecker-heinrich.de/about-us/,Mitarbeiter,Zurzeit besteht unser Team aus 15 Fachkräften.,,,,,,,,,,,,,,,,,,,,,
https://www.schauener-dachbau.de/ueber-uns,Gründung,Schauener Dachbau GmbH - Ihr erfahrener Baudienstleister seit 1997,,,,,,,,,,,,,,,,,,,,,
https://www.schauener-dachbau.de/ueber-uns,Mitarbeiter,"Uns stehen über 8 Mitarbeiter zur Verfügung, von denen die meisten mehrere Jahre mit uns zusammen arbeiten.",,,,,,,,,,,,,,,,,,,,,
https://www.bbgdachdecker.de/,Mitarbeiter,Unser Team besteht aus 10 Gesellen und einem Meister.,,,,,,,,,,,,,,,,,,,,,
https://bedachungen-habedank.de/ueber-uns/,Gründung,Am 01.10.2002 gründete sich die Dachdeckerfirma Habedank als eine Ein-Mann-Firma.,,,,,,,,,,,,,,,,,,,,,
https://bedachungen-habedank.de/ueber-uns/,Mitarbeiter,"Erfahrungen und Qualität werden heute durch 16 Mitarbeiter davon kaufmännische Angestellte, Fachkräfte im Dachdecker-Handwerk wie Dachdecker, Dachklempner, Zimmerleute sowie befähigte Personen im Gerüstbau weitergegeben.",,,,,,,,,,,,,,,,,,,,,
https://www.dachdecker-nienstedt.de/Ueber-uns/Unser-Team,Gründung,1870 gründete Dachdeckermeister August Nienstedt sein eigenes Unternehmen am heutigen Firmenstammsitz in Opperhausen,,,,,,,,,,,,,,,,,,,,,
https://www.dachdecker-nienstedt.de/Ueber-uns/Unser-Team,Mitarbeiter,KOMPLETTE SEITE,,,,,,,,,,,,,,,,,,,,,
https://groegerundlogge.de/,Gründung,"Gegründet von Norbert Gröger und Ingolf Logge im Jahr 1997, sind wir als regional tätiges Unternehmen im mecklenburgischen Parchim seit mehr als 20 Jahren fest etabliert. ",,,,,,,,,,,,,,,,,,,,,
https://www.dachdeckerei-becht.de/ueber-uns,Mitarbeiter,Die Dachdeckerei Becht ist ein kleines Familienunternehmen mit 7 Mitarbeitern.,,,,,,,,,,,,,,,,,,,,,
https://www.dachdeckerei-becht.de/ueber-uns,Gründung,1987 Jakob Becht gründet die Firma,,,,,,,,,,,,,,,,,,,,,
https://dachdeckerei-quetsch.be/ueber-uns/,Gründung,"Wir, die Dach- & Bauschreinerei QUETSCH, stehen seit dem Jahr 2000 für Qualität und Zuverlässigkeit im Handwerk.",,,,,,,,,,,,,,,,,,,,,
https://dachdeckerei-quetsch.be/ueber-uns/,Mitarbeiter,"Gegründet als Einzelunternehmen von Dachdeckermeister Guido Quetsch und seiner Ehefrau Dajana Quetsch-Huby, haben wir uns von einem kleinen Betrieb mit nur einem Lehrling zu einem starken Unternehmen mit einem Team von 30 engagierten Mitarbeitern entwickelt.",,,,,,,,,,,,,,,,,,,,,
https://www.weingarten-bedachungen.de/unternehmen/dach-holzbau/ueber_uns,Gründung,Im Jahr 2016 feierten wir unser 60-jähriges Firmenjubiläum.,,,,,,,,,,,,,,,,,,,,,
https://ragas-gmbh.de/,Gründung,Fast 50 Jahre,,,,,,,,,,,,,,,,,,,,,
https://ragas-gmbh.de/,Mitarbeiter,derzeit 36 Mitarbeiter,,,,,,,,,,,,,,,,,,,,,
https://www.dachdecker-jedamzik.de/unternehmen/ueber-uns/,Gründung,Seit nunmehr 30 Jahren besteht der Dachdecker-Fachbetrieb Jedamzik.,,,,,,,,,,,,,,,,,,,,,
https://www.dachdecker-jedamzik.de/unternehmen/unser-team/,Mitarbeiter,FOTOS,,,,,,,,,,,,,,,,,,,,,
https://dachdecker-klein-bliesgau.de/uber-uns/,Gründung,"Unser inhabergeführtes Unternehmen besteht seit 1996 in Blieskastel, im Herzen des Bliesgaus.",,,,,,,,,,,,,,,,,,,,,
https://dachdecker-klein-bliesgau.de/uber-uns/,Mitarbeiter,11 Mitarbeiterstamm,,,,,,,,,,,,,,,,,,,,,
https://www.berg-dach-schiefer.de/ueber-uns/,Gründung,"Unser Unternehmen wurde 1987 von Dachdeckermeister Kurt Haag in Traben-Trarbach an der Mosel gegründet, nachdem dieser 1983 seine Meisterprüfung im Dachdeckerhandwerk abgelegt hatte.",,,,,,,,,,,,,,,,,,,,,
https://www.berg-dach-schiefer.de/ueber-uns/,Mitarbeiter,FOTOS,,,,,,,,,,,,,,,,,,,,,
https://tragwerk.info/ueber-uns/,Mitarbeiter,FOTOS,,,,,,,,,,,,,,,,,,,,,
https://www.dahmen-dachdecker.de/ueber-uns/,Gründung,Direkt im Anschluss meldete ich in Krefeld zum 1.1.1992 das Gewerbe der Einzelfirma an.,,,,,,,,,,,,,,,,,,,,,
https://www.dahmen-dachdecker.de/ueber-uns/,Mitarbeiter,Unser Betrieb besteht neben mir als Meister aus 5 weiteren Fachgesellen,,,,,,,,,,,,,,,,,,,,,
https://www.dachdecker-berlin.com/,Gründung,"Großvater Willi Dreßler (großes Bild, rechts) gründete am 3. Januar 1938 ein eigenes Unternehmen, baute es aus und übergab es viele Jahre später an seinen Sohn Hans-Joachim (links).",,,,,,,,,,,,,,,,,,,,,
https://www.franksuelzengmbh.de/die-firma.html,Gründung,Dachdeckermeister Frank Sülzen gründete im Jahr 1989 die Frank Sülzen GmbH.,,,,,,,,,,,,,,,,,,,,,
https://www.uw-bedachungen.de/wir-ueber-uns/partner,Gründung,Im Jahr 1995 gründete Gerd Unterstab als Jungmeister seinen Dachdeckerbetrieb mit Sitz in Niddatal in der Wetterau in Hessen.,,,,,,,,,,,,,,,,,,,,,
https://mathias-dachdecker.de/ueber-uns/,Mitarbeiter,12 Mitarbeiter,,,,,,,,,,,,,,,,,,,,,
https://www.dachbau-wunderlich.de/ueber-uns/,Gründung,Dachbau Wunderlich wurde 1985 von Dachdeckermeister Thomas Wunderlich in Berlin-Köpenick gegründet.,,,,,,,,,,,,,,,,,,,,,
https://dachdecker-ewald.de/ueber-uns/,Gründung,1954 Alles begann mit der Gründung des Betriebes durch Philipp Ewald.,,,,,,,,,,,,,,,,,,,,,
https://dachdecker-ewald.de/ueber-uns/,Mitarbeiter,AUFZÄHLUNG,,,,,,,,,,,,,,,,,,,,,
https://dachdecker-nordheide.de/pages/ueber-uns-dachdecker.php,Gründung,Seit 2004 sorgen wir für Qualität in der kostenlosen Beratung sowie Planung und Ausführung der Arbeiten rund ums Dach.,,,,,,,,,,,,,,,,,,,,,
https://dach-schwab.de/ueber-uns.html,Gründung,"Wir sind ein Meisterbetrieb, gegründet 1999.",,,,,,,,,,,,,,,,,,,,,
https://dach-schwab.de/ueber-uns.html,Mitarbeiter,"Dachdeckermeister Matthias Schwab beschäftigt zur Zeit 4 Mitarbeiter, die sich fortlaufend weiterbilden um auf dem neuesten Stand des Dachdeckerhandwerks zu bleiben.",,,,,,,,,,,,,,,,,,,,,
https://dachdecker-eberhardt.de/ueber-uns/,Gründung,Das Unternehmen wurde im Oktober 1994 von Klaus Eberhardt gegründet und besteht seit 30 Jahren.,,,,,,,,,,,,,,,,,,,,,
https://dachdecker-eberhardt.de/ueber-uns/,Mitarbeiter,"Im Januar 1995 kam ein Mitarbeiter dazu, heute beschäftigen wir 27 Mitarbeiter; darunter 4 Dachdeckermeister, 11 Dachdeckergesellen, 5 Dachdeckerhelfer, 2 Klempner, 1 Dachdecker – 1 Klempnerazubi und drei Büroangestellte.",,,,,,,,,,,,,,,,,,,,,
https://www.schneider-bau.com/unternehmen/ueber-uns/,Gründung,"In Merxheim liegen unsere Wurzeln, und hier begann im Jahr 1928 unsere faszinierende Erfolgsgeschichte.",,,,,,,,,,,,,,,,,,,,,
https://www.zeiler-bau.de/unternehmen/bauen/team,Gründung,Am 07.07.1997 wurde das Unternehmen durch Herrn Konrad Zeiler gegründet.,,,,,,,,,,,,,,,,,,,,,
https://www.zeiler-bau.de/unternehmen/bauen/team,Mitarbeiter,FOTO / FOTOS,,,,,,,,,,,,,,,,,,,,,
https://hafner-bau.de/uber-uns,Mitarbeiter,FOTOS,,,,,,,,,,,,,,,,,,,,,
https://hafner-bau.de/uber-uns,Gründung,die geschichte von hafner bau beginnt 1967 in görisried.,,,,,,,,,,,,,,,,,,,,,
https://www.hack-bau.de/ueber-uns/,Gründung,"Wir, die Firma Hack Bauunternehmen GmbH sind ein junges, zuverlässiges und dynamisches Team das seit 1999 tätig ist.",,,,,,,,,,,,,,,,,,,,,
https://www.muellers-bau.de/ueber-uns/,Gründung,"Als Familienunternehmen stehen wir seit mehr als 30 Jahren für Qualität, Zuverlässigkeit und Individualität.",,,,,,,,,,,,,,,,,,,,,
https://www.mueller-bauunternehmen.net/unternehmen/bauen/ueber_uns,Mitarbeiter,"Unser hoch­moti­viertes Team besteht aus 18 erfahrenen Maurern, einem Maurer-Lehrling, einem Zim­merer, einem Kraft­fahrer, einem Maurer­polier, drei Maurer­meistern und einem Dipl-Ing. (FH).",,,,,,,,,,,,,,,,,,,,,
https://www.mueller-bauunternehmen.net/unternehmen/bauen/ueber_uns,Gründung,Über 40 Jahre Bauunternehmen Müller - ein innovativer Betrieb mit Tradition,,,,,,,,,,,,,,,,,,,,,
https://www.peter-ahrens.de/unternehmen/,Gründung,1902 gegründet,,,,,,,,,,,,,,,,,,,,,
https://www.peter-ahrens.de/unternehmen/,Mitarbeiter,FOTO,,,,,,,,,,,,,,,,,,,,,
https://www.oberbremer-baubetriebe.de/vorstellung/ueber-uns,Gründung,"Seit 1925 sind wir in der Region Bünde, Löhne und Herford als professionelles Bauunternehmen an der Seite unserer privaten und gewerblichen Kunden.",,,,,,,,,,,,,,,,,,,,,
https://www.oberbremer-baubetriebe.de/vorstellung/ueber-uns,Mitarbeiter,FOTOS der Teams,,,,,,,,,,,,,,,,,,,,,
https://www.grebe-massivbau.de/,Gründung,Unser Know-How basiert auf über 80 Jahren Erfahrung in allen Facetten der klassischen Bauleistungen vom kleinen Anbau bis zum Großprojekt.,,,,,,,,,,,,,,,,,,,,,
https://taubken-bau.de/?gad_source=1&gclid=Cj0KCQiAouG5BhDBARIsAOc08RSKKq6JXw8DfkA9TK7ryF7ZwUna_vY-_hG5LZeK44GSNBpnCrzRkOQaAmqiEALw_wcB,Gründung,Seit über 40 Jahren ist die Firma Taubken Bau GmbH aus Lorup im Emsland Ihr kompetenter Partner wenn es um die Bereiche Hochbau und Industriebau geht. Gerhard Taubken gründete in Lorup am 12. September 1983 die private Einzelunternehmung Baugeschäft Taubken.,,,,,,,,,,,,,,,,,,,,,
https://taubken-bau.de/unternehmen/,Mitarbeiter,"Bei der Taubken-Bau GmbH sind zurzeit ca. 30 Personen beschäftigt, wobei 1/4 der Mitarbeiter mit technischen und verwaltungstechnischen Aufgaben beauftragt ist.",,,,,,,,,,,,,,,,,,,,,
https://www.althoff-industriebau.de/de/unternehmen/historie/,Gründung,2001 Gründung,,,,,,,,,,,,,,,,,,,,,
https://www.althoff-industriebau.de/de/unternehmen/team/,Mitarbeiter,FOTOS,,,,,,,,,,,,,,,,,,,,,
https://www.michael-otto-elektrotechnik.de/ueber-uns,Gründung,"Wir sind ein Elektroinstallationsunternehmen aus Schleswig-Holstein, welches 2003 von Michael Otto gegründet wurde.",,,,,,,,,,,,,,,,,,,,,
https://www.michael-otto-elektrotechnik.de/ueber-uns,Mitarbeiter,Zur Zeit beschäftigen wir: 2 Meister 14 Gesellen 3 Bürokräfte 6 Azubis,,,,,,,,,,,,,,,,,,,,,
https://www.bolls-elektrotechnik.de/ueber-uns,Gründung,Über uns Kompetenz in Elektrotechnik seit 2002,,,,,,,,,,,,,,,,,,,,,
https://www.btw-elektrotechnik.de/unternehmen/elektro/ueber_uns,Gründung,"Durch Kompetenz in der Planung und Bera­tung sowie der Qua­lität unserer Arbeit haben wir uns, seit unserer Firmengründung 2016, regio­nal und über­regio­nal einen Namen gemacht.",,,,,,,,,,,,,,,,,,,,,
https://www.btw-elektrotechnik.de/unternehmen/elektro/ueber_uns,Mitarbeiter,"Bei uns stehen Qualität, Kundennähe und Zuverlässigkeit im Fokus. In unserem jungen Unternehmen, mit aktuell 7 Mitarbeitern, finden Sie immer den richtigen Ansprechpartner",,,,,,,,,,,,,,,,,,,,,
https://www.elektrotechnik-vickermann.de/%C3%BCber-uns/,Gründung,"Wir sind ein junges, wachsendes Unternehmen, das seit 2017 in Wickede und Umgebung für Kompetenz auf dem Gebiet Elektroinstallation und Gebäudetechnik sorgt.",,,,,,,,,,,,,,,,,,,,,
https://elektrotechnik-team.de/ueber-uns,Gründung,"2001 ETT wurde im Januar 2001 in hamburg Bergedorf, in der Randersweide von Thorsten Gätke, Miachel Froess und Stephan Leptien gegründet.",,,,,,,,,,,,,,,,,,,,,
https://www.soekefeld-elektrotechnik.de/ueber-uns/,Gründung,"Als sich die Situation bei Hoesch zuspitze und die Übernahme durch den Krupp-Konzern anstand, entschied sich Burkhard Sökefeld für das eigene Unternehmen und gründete am 01.08.1997 die Firma Sökefeld Elektrotechnik in einer ehemaligen Glaserei in Dortmund-Marten.",,,,,,,,,,,,,,,,,,,,,
https://www.soekefeld-elektrotechnik.de/ueber-uns/,Mitarbeiter,1 Elektormeister 5 Gesellen 4 Auszubildene 2 Bürokräfte,,,,,,,,,,,,,,,,,,,,,
https://et-ds.de/ueber-uns/,Mitarbeiter,FOTOS,,,,,,,,,,,,,,,,,,,,,
https://www.pelz-elektrotechnik.de/scripts/show.aspx?content=/de/modulpartner/unternehmen/ueber-uns,Gründung,01.09.1977 durch Elektromeister Erwin Pelz gegründet,,,,,,,,,,,,,,,,,,,,,
https://amp-elektrotechnik.de/ueber-uns/,Mitarbeiter,15 Erfahrene Mitarbeiter,,,,,,,,,,,,,,,,,,,,,
https://www.elektrotechnikschroeder.de/ueber-uns/,Gründung,"Uns gibt es erst seit Anfang 2019, aber wir haben ein großes Ziel:",,,,,,,,,,,,,,,,,,,,,
https://www.elektrotechnikschroeder.de/ueber-uns/,Mitarbeiter,FOTOS,,,,,,,,,,,,,,,,,,,,,
https://www.elektro-kuhli.de/unternehmen/elektro/ueber_uns,Mitarbeiter,FOTOS,,,,,,,,,,,,,,,,,,,,,
https://www.aj-elektrotechnik.de/uber-uns,Mitarbeiter,FOTOS (nicht alle),,,,,,,,,,,,,,,,,,,,,
http://www.hmelektrotechnik.de/,Gründung,Unser Unternehmen besteht seit über 20 Jahren.,,,,,,,,,,,,,,,,,,,,,
https://www.et-kw.de/UeberUns.html,Gründung,"Wir sind ein junges Unternehmen, gegründet im Januar 2020.",,,,,,,,,,,,,,,,,,,,,
https://www.et-kw.de/UeberUns.html,Mitarbeiter,01.10.2020: Übernahme der ehemaligen Firma Kupka in Tauberbischofsheim mit 6 Mitarbeitern,,,,,,,,,,,,,,,,,,,,,
https://www.elektrotechnik-scheuerer.de/unternehmen/elektro/ueber_uns,Gründung,1948 Firmengründung Elektroinstallationsbetrieb durch Josef Schmidt als Firma „Elektro Schmidt Velburg“.,,,,,,,,,,,,,,,,,,,,,
https://www.waldmann-elektrotechnik.com/home/home/ueber-uns.18.de.html,Gründung,Bei Waldmann Elektrotechnik sind wir seit 1928 wichtiger Partner für elektrotechnische Installationen unserer Kunden im Südwesten,,,,,,,,,,,,,,,,,,,,,
https://opasa-elektrotechnik.de/ueber-uns/,Mitarbeiter,FOTO,,,,,,,,,,,,,,,,,,,,,
https://schuett-elektrotechnik.de/ueber-uns/,Gründung,1956 als Licht und Kraftanlagen Hinrich Schütt Elektroinstallationsmeister gegründet Elektromeister Hinrich Schütt gründet die Firma SCHÜTT Elektrotechnik in Uetersen.,,,,,,,,,,,,,,,,,,,,,
https://schuett-elektrotechnik.de/ueber-uns/,Mitarbeiter,LISTE / FOTOS,,,,,,,,,,,,,,,,,,,,,
https://www.knobel-elektro.de/team/,Gründung,"Damals, es war im Juli 1999 gründete ich mein Ein-Mann Unternehmen in Lüdenscheid, um selbständig arbeiten zu können.",,,,,,,,,,,,,,,,,,,,,
https://www.knobel-elektro.de/team/,Mitarbeiter,AUFZÄHLUNG / FOTOS,,,,,,,,,,,,,,,,,,,,,
https://www.huemmer.com/ueber-uns/,Gründung,Das Elektrohandwerk bot bereits 1963 eine zukunftssichere Perspektive:,,,,,,,,,,,,,,,,,,,,,
https://www.huemmer.com/ueber-uns/,Mitarbeiter,"Mit heute insgesamt 80 Mitarbeitern im Firmenverbund von drei weiteren Betrieben bündeln sich Elektrik, ökologische Haustechnik und IT zu einem schlagkräftigen Unternehmen mit Persönlichkeit und Professionalität.",,,,,,,,,,,,,,,,,,,,,
https://www.mess-elektrotechnik.de/ueber-uns/,Mitarbeiter,Peter Meß Elektrotechnik GmbH & Co KG ist ein mittelständiger Meisterbetrieb mit 17 fest angestellten Mitarbeitern,,,,,,,,,,,,,,,,,,,,,
https://www.mess-elektrotechnik.de/ueber-uns/,Gründung,Im Jahr 1996 haben wir den Betrieb von einem in den Vorruhestand gegangenen Unternehmer gekauft.,,,,,,,,,,,,,,,,,,,,,
https://www.elektrotechnik-baum.de/unternehmen/elektro/ueber_uns,Mitarbeiter,FOTO,,,,,,,,,,,,,,,,,,,,,
https://www.emil-koch-elektrotechnik.de/unternehmen/ueber-uns/,Gründung,Gegründet wurde das Unternehmen durch den Namensgeber Emil Koch im Jahre 1943.,,,,,,,,,,,,,,,,,,,,,
https://www.emil-koch-elektrotechnik.de/unternehmen/ueber-uns/,Mitarbeiter,Mit mehr als 80 engagierten Mitarbeitern sowohl auf kaufmännischer und planerischer Seite als auch durch unsere Montageteams ist die Emil Koch Elektrotechnik seit acht Jahrzehnten ein kompetenter Partner für öffentliche und gewerbliche Kunden.,,,,,,,,,,,,,,,,,,,,,
https://www.walter-elektrotechnik.de/Ueber-uns/,Gründung,Seit 1983 erarbeiten wir individuelle Lösungskonzepte auf dem Gebiet der Gebäudetechnik.,,,,,,,,,,,,,,,,,,,,,
https://www.kuehn-elektrotechnik.de/wir-ueber-uns.html,Mitarbeiter,Mit mehr als 180 Mitarbeitern am Hauptsitz Karlsruhe und an den Standorten Teningen und Renchen arbeiten wir jeden Tag mit Engagement für unsere Kunden.,,,,,,,,,,,,,,,,,,,,,
https://et-hambsch.de/ueber-uns/,Gründung,2006 Gründung Elektortechnik Hambsch,,,,,,,,,,,,,,,,,,,,,
https://www.buerkle-schoeck-elektro.de/ueber-uns/,Mitarbeiter,Aus einem Handwerksbetrieb mit 6 Leuten wurden Unternehmen mit rund 120 Mitarbeitern und sind dabei Familienunternehmen geblieben.,,,,,,,,,,,,,,,,,,,,,
https://www.buerkle-schoeck-elektro.de/ueber-uns/,Gründung,"Seit über 90 Jahren steht Bürkle + Schöck für innovative elektrotechnische Lösungen in Industrie, Gewerbe, Handel, Wohnungsbau und im privaten Bereich.",,,,,,,,,,,,,,,,,,,,,
https://www.kamb.de/uber-uns/,Gründung,"Seit 1907 bieten wir unseren Service für den kompletten Lebenszyklus von Infrastrukturobjekten, Netzen, Industrieanlagen und Gebäuden an.",,,,,,,,,,,,,,,,,,,,,
https://www.kamb.de/uber-uns/,Mitarbeiter,FOTO,,,,,,,,,,,,,,,,,,,,,
https://www.elektrotechnik-mackel.de/wir-ueber-uns.html,Gründung,Seit 1959 bieten wir Ihnen kompetenten Service rund um die Elektroinstallation.,,,,,,,,,,,,,,,,,,,,,
https://www.jaeger-elektrotechnik.com/de/unternehmen,Gründung,An dieser Maxime orientiert sich das mittlerweile in der 3. Generation geführte Familienunternehmen seit der Gründung 1977.,,,,,,,,,,,,,,,,,,,,,
https://www.ls-elektro.de/ueber-uns/,Gründung,"Das Unternehmen LS – Elektrotechnik mit Standort in Sulzburg, wurde vom Inhaber und Elektromeister Slavisa Lularevic im März 2002 gegründet.",,,,,,,,,,,,,,,,,,,,,
https://www.deffner-elektrotechnik.de/unternehmen/elektro/ueber_uns,Gründung,Seit über 45 Jah­ren set­zen wir im­mer wie­der tol­le und an­spruchs­vol­le Pro­jek­te rund um die Elek­tro-Ge­bäu­de­tech­nik um. Die Firma Deffner wurde 1966 in Nürnberg als Einzelunternehmen für Radio- und Fernsehtechnik von Dietrich Deffner gegründet.,,,,,,,,,,,,,,,,,,,,,
https://www.deffner-elektrotechnik.de/unternehmen/elektro/ueber_uns,Mitarbeiter,FOTO,,,,,,,,,,,,,,,,,,,,,
https://syben-elektrotechnik.de/ueber-uns/,Gründung,Seit 1996 steht unser Unternehmen für qualitativ hochwertige Arbeit rund um das Thema Elektrotechnik.,,,,,,,,,,,,,,,,,,,,,
https://www.ibh-elektrotechnik.de/unternehmen/ueber-uns,Gründung,1955 Firmengründung,,,,,,,,,,,,,,,,,,,,,
https://www.ibh-elektrotechnik.de/unternehmen/ueber-uns,Mitarbeiter,Die IBH Elektrotechnik GmbH ist mit 40 Mitarbeitern und seit mehr als 60 Jahren über die Grenzen Deutschlands hinaus aktiv.,,,,,,,,,,,,,,,,,,,,,
https://dangel-elektro.de/ueber-uns/,Gründung,23 Jahre Erfahrung,,,,,,,,,,,,,,,,,,,,,
https://dangel-elektro.de/ueber-uns/,Mitarbeiter,12 Mitarbeiter,,,,,,,,,,,,,,,,,,,,,
https://www.schuster-elektrotechnik.de/,Mitarbeiter,Von Kamenz aus betreuen derzeit 74 Mitarbeiter unsere Kunden.,,,,,,,,,,,,,,,,,,,,,
https://www.beck-e-technik.de/ueber-uns/,Gründung,Unser Unternehmen der Beck Elektrotechnik GmbH ist bereits seit 2 Jahren tätig.,,,,,,,,,,,,,,,,,,,,,
https://www.beck-e-technik.de/ueber-uns/,Mitarbeiter,"Unser 11-köpfiges, freundliches Team steht Ihnen gerne rund um Ihre Wünsche im Bereich Elektrofachhandwerk mit unserem Fachwissen telefonisch, persönlich und per E-Mail zur Verfügung.",,,,,,,,,,,,,,,,,,,,,
https://www.elektro-poeppel.de/unternehmen/elektro/ueber_uns,Gründung,Denn wir sind seit 2003 Ihr kompetenter Partner im Bereich der Energie- und Gebäudetechnik.,,,,,,,,,,,,,,,,,,,,,
https://www.albrecht-elektro.de/,Mitarbeiter,"Die Albrecht Elektrotechnik und –Anlagen GmbH ist ein mittelständiges, familiengeführtes Unternehmen mit mehr als 150 Mitarbeitern und gehört zu den erfolgreichsten Elektrotechnikunternehmen im Ruhrgebiet.",,,,,,,,,,,,,,,,,,,,,
https://www.horstmannelektrotechnik.de/de/unternehmen/ueber-uns.html,Mitarbeiter,"Wir sind ein mittelständisches Unternehmen mit insgesamt 15 Mitarbeitern – bestehend aus einem Ingenieur, einem Elektromeister, mehreren Facharbeitern in den Bereichen Betriebs- und Gebäudetechnik sowie drei Auszubildenden.",,,,,,,,,,,,,,,,,,,,,
https://hgc-elektrotechnik.de/ueber-uns/,Gründung,Im Jahre 1991 wurde die HGC Elektrotechnik GmbH in Hamburg als kompetenter Meisterbetrieb für Dienstleistungen im Bereich Elektrotechnik für Privat- und Gewerbekunden gegründet.,,,,,,,,,,,,,,,,,,,,,
https://www.elektro-fachhandwerk.de/elektrotechnikknodt/ueberuns.html,Gründung,2003 Gründung durch Sebastian Knodt Elektrotechnikermeister,,,,,,,,,,,,,,,,,,,,,
https://www.elektro-fachhandwerk.de/elektrotechnikknodt/ueberuns.html,Mitarbeiter,"25 Mitarbeiter, darunter auch eine Auszubildene Bilden nun das neue Team",,,,,,,,,,,,,,,,,,,,,
https://www.elektrotechnik-hindelang.de/ueber-uns/,Gründung,Den Grundstein für den jahrzehntelangen Erfolg legte Dieter Hindelang bereits vor langer Zeit. Fast 30 Jahre war er Angestellter bei der Firma Elektro Birkmann in Neugablonz. Diese hat er dann am 01.07.2002 übernommen und weitergeführt.,,,,,,,,,,,,,,,,,,,,,
https://www.elektrotechnik-hindelang.de/ueber-uns/,Mitarbeiter,"Weitere Mitarbeiter wurden eingestellt und mittlerweile beschäftigt der familiengeführte Meisterbetrieb 10 Mitarbeiter, davon 2 Auszubildende.",,,,,,,,,,,,,,,,,,,,,
https://www.simon-elektrotechnik.de/,Gründung,"Unser Familienunternehmen ist hier in Schleswig seit 1926 Ihr kompetenter Ansprechpartner in den Bereichen Elektroinstallation, Beleuchtungs- und Sicherheitstechnik sowie dem Kundendienst für Ihre Geräte im Hausgebrauch.",,,,,,,,,,,,,,,,,,,,,
https://www.simon-elektrotechnik.de/,Mitarbeiter,FOTO,,,,,,,,,,,,,,,,,,,,,
https://www.rohde-elektrotechnik.de/unternehmen/historie.html,Mitarbeiter,"Jeden Tag arbeiten rund 100 Mitarbeiter mit Engagement, Motivation, Ehrgeiz und Zuverlässigkeit an optimalen Lösungen für verschiedene Projekte.",,,,,,,,,,,,,,,,,,,,,
https://www.rohde-elektrotechnik.de/unternehmen/historie.html,Gründung,Gründung des Unternehmens: 01.06.1992 in Berlin – Reinickendorf,,,,,,,,,,,,,,,,,,,,,
https://repaelektro.de/unternehmen-gebaeudetechnik-hausanschluss-schaltanlagenbau/,Mitarbeiter,"Mehr als 50 Mitarbeiter und Mitarbeiterinnen an unseren Standorten in Landau und Frankenthal geben jeden Tag ihr Bestes, um den hohen Ansprüchen unserer Kunden gerecht zu werden.",,,,,,,,,,,,,,,,,,,,,
https://repaelektro.de/unternehmen-gebaeudetechnik-hausanschluss-schaltanlagenbau/,Gründung,Die REPA GmbH Elektrotechnik wird am 01. April 1989 in Kirrweiler als Unternehmen für Elektromontage gegründet.,,,,,,,,,,,,,,,,,,,,,
https://www.freise-elektrotechnik.de/ueber-uns/,Gründung,"Freise Elektrotechnik ist ein junges Unternehmen, welches 2004 von Gerd Freise gegründet wurde.",,,,,,,,,,,,,,,,,,,,,
https://elektrotechnik-jakob.com/ueber-uns/,Gründung,"Bereits seit 1999 steht der Name Peter Jakob Elektrotechnik für ein dynamisches Team aus Elektrofachkräften in Paderborn, für Freude am Kundenservice und Leidenschaft für die Elektrotechnik.",,,,,,,,,,,,,,,,,,,,,
https://www.bunke-elektrotechnik.de/about-us,Gründung,"Seit 1990 in der malerischen Wesermarsch etabliert, verpflichten wir uns, hochwertigen Service und kundenorientierte Lösungen in der Elektrotechnik anzubieten.",,,,,,,,,,,,,,,,,,,,,
https://ebm-os.de/ueber-uns/,Gründung,"1975 erkannten fünf innovative Unternehmer aus dem Bereich der Elektrotechnik, dass sie Großprojekte gemeinsam für den Kunden effizienter realisieren können. Sie gründeten die ebm elektro-bau-montage.",,,,,,,,,,,,,,,,,,,,,
https://ebm-os.de/ueber-uns/,Mitarbeiter,"Aus diesem Zusammenschluss hat sich bis heute ein Unternehmen mit einem außergewöhnlich guten Ruf entwickelt, das an drei Standorten mit ca. 130 Mitarbeitern einen durchschnittlichen Jahresumsatz von 13.000.000 € erwirtschaftet.",,,,,,,,,,,,,,,,,,,,,
https://www.schlau.de/,Gründung,"Vor über 90 Jahren gegründet, kann Schlau auf eine lange Firmentradition und einen reichen Erfahrungsschatz im elektrotechnischen Bereich verweisen.",,,,,,,,,,,,,,,,,,,,,
https://www.lach-eltcom.de/Ueber-uns/,Gründung,"Wir sind ein junges engagiertes Unternehmen, das im Oktober 2017 seinen Betrieb in Coppenbrügge eröffnet hat",,,,,,,,,,,,,,,,,,,,,
https://www.lach-eltcom.de/Ueber-uns/,Mitarbeiter,Unser Team besteht zur Zeit aus: - 2 Kaufmännischen Angestellten - 1 Elektormeister und Betriebsleiter - 1 angehender Elektormeister - 4 Elektorinstallateure,,,,,,,,,,,,,,,,,,,,,
https://www.wix-elektrotechnik.de/unternehmen/elektro/ueber_uns,Gründung,"Die Elektro Wix OHG - Der Elektro-Partner, gegründet am 1. Oktober 1945, ist heute die Firma Wix Elek­tro­tech­nik GmbH, ein mittel­stän­di­scher Meis­ter­be­trieb.",,,,,,,,,,,,,,,,,,,,,
https://www.elektrotechnik-dortmund.de/%C3%BCber-uns,Gründung,Seit unserer Gründung im Jahr 1932 durch den Elektroinstallateur-Meister Erich Stein haben wir uns kontinuierlich weiterentwickelt und etabliert.,,,,,,,,,,,,,,,,,,,,,
https://doetzer-elektrotechnik.de/,Gründung,Die Firma Dötzer Elektro- und Kommunikationstechnik GmbH ging aus der 1998 von Thomas Dötzer und Ulrich Ostermann gegründeten Firma Dötzer & Ostermann Elektrotechnik hervor.,,,,,,,,,,,,,,,,,,,,,
https://doetzer-elektrotechnik.de/,Mitarbeiter,FOTO,,,,,,,,,,,,,,,,,,,,,
https://www.sautmann-pieper.de/ueber-uns/,Gründung,Unser Unternehmen startete seine Erfolgsgeschichte am 18. April 1995.,,,,,,,,,,,,,,,,,,,,,
https://elektro-gensmann.de/ueber-uns/,Gründung,Seit unserer Gründung am 15. Oktober 2003 sind wir Ihr kompetenter Ansprechpartner in allen Fragen der Elektro- und Beleuchtungstechnik.,,,,,,,,,,,,,,,,,,,,,
https://elektro-gensmann.de/ueber-uns/,Mitarbeiter,"Insgesamt 15 Mitglieder zählt unser Betrieb heute, darunter",,,,,,,,,,,,,,,,,,,,,
https://www.elektrotechnik-wadewitz.de/wir-ueber-uns.html,Gründung,Elektrotechnik Wadewitz wurde am 15. Februar 1985 von Elektroinstallateur-Meister Peter Wadewitz in Burgwedel-Thönse gegründet.,,,,,,,,,,,,,,,,,,,,,
https://www.elektrotechnik-wadewitz.de/wir-ueber-uns.html,Mitarbeiter,FOTO,,,,,,,,,,,,,,,,,,,,,
https://www.elektrotechnik-ruemenap.de/ueber_uns/,Gründung,Seit 1993 ist Ihre Elektrik unser Geschäft.,,,,,,,,,,,,,,,,,,,,,
https://www.xn--baumann-schndube-wwb.de/ueber-uns/,Gründung,Das Unternehmen Baumann Elektrotechnik wurde im Jahr 1948 von Otto Baumann gegründet und in den darauffolgenden Jahrzehnten in Familienhand geführt bis Juni 2010.,,,,,,,,,,,,,,,,,,,,,
https://www.xn--baumann-schndube-wwb.de/ueber-uns/,Mitarbeiter,Aktuell haben wir ein engagiertes Team mit 15 Mitarbeitern unterschiedlichen Alters – dies bietet uns einen breiten Erfahrungshorizont.,,,,,,,,,,,,,,,,,,,,,
https://elektro-zobel.de/ueber-uns/,Gründung,Am 01.07.2011 erfolgte die Gründung mit Übernahme der Firma Linke aus Langenhagen,,,,,,,,,,,,,,,,,,,,,
https://elektro-zobel.de/ueber-uns/,Mitarbeiter,Wir sind in 10 Jahren vom Einzelkämpfer zu einem Team mit 14 Mitarbeitenden gewachsen.,,,,,,,,,,,,,,,,,,,,,
https://www.markowsky-elektro.de/%C3%BCber-uns.html,Gründung,"Februar 1952 Betriebsgründung durch Georg Markowsky – Firmenleitung gemeinsam mit seiner 

",,,,,,,,,,,,,,,,,,,,,
https://www.markowsky-elektro.de/%C3%BCber-uns.html,Mitarbeiter,Mit unserem Team aus 35 qualifizierten Mitarbeitern stehen wir unseren Kunden mit einem umfangreichen Service- und Dienstleistungsangebot in allen Fragen zeitgemäßer und energieeffizienter Elektrotechnik zur Verfügung.,,,,,,,,,,,,,,,,,,,,,
https://as-elektrotechnik.de/ueber-uns/,Gründung,"Privatkunden, Unternehmen und öffentliche Einrichtungen vertrauen seit 30 Jahren auf unser fundiertes Fachwissen und schätzen die partnerschaftliche, professionelle und faire Zusammenarbeit mit unserem Team.",,,,,,,,,,,,,,,,,,,,,
https://www.stefan-sison-elektrotechnik.de/team/,Mitarbeiter,AUFZÄHLUNG/FOTOS,,,,,,,,,,,,,,,,,,,,,
https://www.luehn-elektrotechnik.de/unternehmen/elektro/team,Gründung,Das Familienunternehmen Lühn wurde am 01.08.1981 durch Hermann Lühn in Wietmarschen gegründet.,,,,,,,,,,,,,,,,,,,,,
https://www.luehn-elektrotechnik.de/unternehmen/elektro/team,Mitarbeiter,FOTOS,,,,,,,,,,,,,,,,,,,,,
https://www.win-elektrotechnik.de/ueber-uns/,Gründung,Gegründet im Jahre 1996 sind wir mittlerweile seit über 25 Jahren ihr starker Partner für Elektrotechnik.,,,,,,,,,,,,,,,,,,,,,
https://www.win-elektrotechnik.de/ueber-uns/,Mitarbeiter,"Von 9 Mitarbeitern in 2006 sind wir heute auf über 20 Mitarbeiter gewachsen und bieten Ihnen unsere Leistungen im Bereich Industrie, Wohnungsbau und für Privatkunden an.",,,,,,,,,,,,,,,,,,,,,
https://hansscholz.de/ueber-uns.html,Gründung,Am 4. Dezember 1929 gründete der Diplom-Ingenieur und Elektormeister Hanz Schokz in der Straße Langerkamp sein ersten Betrieb,,,,,,,,,,,,,,,,,,,,,
https://hansscholz.de/ueber-uns.html,Mitarbeiter,Heute ist die Firma Hans Scholz Elektrotechnik ein leistungsfähiges und zukunftsorientiertes Handwerksunternehmen mit 65 zuverlässigen Mitarberiterinnen und MItarberitern mit langjähriger Firmenzugehörigkeit.,,,,,,,,,,,,,,,,,,,,,
https://elektro-barth-emden.de/ueber-uns/unternehmen,Gründung,"Unser Unternehmen wurde 1981 durch Theodor Barth übernommen, mit viel Mühe und Fleiß sowie unsere Liebe zum Handwerk wurde es dahin gebracht, wo es heute steht.",,,,,,,,,,,,,,,,,,,,,
https://elektro-barth-emden.de/ueber-uns/team,Mitarbeiter,FOTOS/FOTO,,,,,,,,,,,,,,,,,,,,,
https://rd-gmbh.de/ueber-uns-unternehmen.html,Gründung,Im Jahr 2010 wurde die RD Elektrotechnik GmbH mit Sitz in Köln gegründet.,,,,,,,,,,,,,,,,,,,,,
https://hellwigelektro.de/AboutUs,Gründung,Hellwig Elektrotechnik wurde am 01.01.2015 von Alexander Hellwig gegründet.,,,,,,,,,,,,,,,,,,,,,
https://hellwigelektro.de/AboutUs,Mitarbeiter,27 MItarbeiter /FOTO,,,,,,,,,,,,,,,,,,,,,
https://www.elektro-straface.de/unternehmen/elektro/ueber_uns,Gründung,Bereits seit 1995 bürgt unser Name für Qualität und Zuver­läs­sig­keit.,,,,,,,,,,,,,,,,,,,,,
https://www.spiller-elektrotechnik.de/unternehmen/mitarbeiter/,Gründung,Die Gründung der Firma Spiller Elektrotechnik GmbH geht auf das Jahr 2010 zurück.,,,,,,,,,,,,,,,,,,,,,
https://www.spiller-elektrotechnik.de/unternehmen/mitarbeiter/,Mitarbeiter,"Aktuell besteht unser Team aus 30 top qualifizierten Mitarbeitern, von denen 10 Auszubildende sind.",,,,,,,,,,,,,,,,,,,,,
https://jung-electro.de/uber-uns,Gründung,Als inhabergeführtes Unternehmen leben wir diese Werte seit 1995.,,,,,,,,,,,,,,,,,,,,,
https://zillmer-elektrotechnik.de/unternehmen.html,Gründung,Bereits seit über 100 Jahren ist Zillmer Elektrotechnik im Großraum Hamburg eine feste Größe.,,,,,,,,,,,,,,,,,,,,,
https://elektroernst.de/ueber-uns/,Gründung,Am 14.6.1974 gründete der Elektromeister Siegfried Ernst das Unternehmen Elektro Ernst.,,,,,,,,,,,,,,,,,,,,,
https://elektroernst.de/ueber-uns/,Mitarbeiter,FOTOS,,,,,,,,,,,,,,,,,,,,,
https://www.e-technik-schneider.de/wir-ueber-uns.html,Gründung,"Wir sind ein im März 2014 gegründetes, junges Elektrounternehmen mit Sitz in Wardenburg.",,,,,,,,,,,,,,,,,,,,,
https://www.e-technik-schneider.de/wir-ueber-uns.html,Mitarbeiter,FOTO,,,,,,,,,,,,,,,,,,,,,
https://www.elektro-feld.de/ueber-uns-und-agb.aspx,Gründung,Als Familienunternehmen ist Elektro Feld bereits seit 1928 in Sankt Augustin tätig.,,,,,,,,,,,,,,,,,,,,,
https://elektrotechnik-ak-service.de/ueber-uns/,Gründung,"Im Jahr 2014 habe ich dann den Schritt gewagt, mein eigenes Unternehmen im Nebengewerbe zu gründen, um meine Leidenschaft für Elektrotechnik in die Tat umzusetzen.",,,,,,,,,,,,,,,,,,,,,
https://elektrotechnik-ak-service.de/ueber-uns/,Mitarbeiter,Heute führen meine Frau und ich das Unternehmen gemeinsam mit einem engagierten Team von vier Mitarbeitern.,,,,,,,,,,,,,,,,,,,,,
https://www.franz-simon-elektrotechnik.de/ueber-uns/,Gründung,Gegründet wurde das Unternehmen 1913 von Franz Simon.,,,,,,,,,,,,,,,,,,,,,
https://www.elektro-roggenkaemper.de/ueber-uns/,Gründung,Er machte seinen Meister im Jahr 2010 und gründete darauf die Firma Elektro Patrick Roggenkämper.,,,,,,,,,,,,,,,,,,,,,
https://www.elektro-roggenkaemper.de/ueber-uns/,Mitarbeiter,Inzwischen umfasst das Team bereits 20 Mitarbeiter.,,,,,,,,,,,,,,,,,,,,,
https://schoepf-elektro-bremerhaven.de/,Gründung,Wir sind seit 1989 ein Meisterbetrieb der Elektroinnung Bremerhaven/Wesermünde.,,,,,,,,,,,,,,,,,,,,,
https://schoepf-elektro-bremerhaven.de/,Mitarbeiter,"20 Monteure und 3 Meister, sowie fünf Damen im Büro bilden unser fachkompetentes Team.",,,,,,,,,,,,,,,,,,,,,
https://www.f-tec-elektro.de/unternehmen/ueber-uns/,Gründung,Als kompetenter und zuverlässiger Elektrobetrieb sind wir seit 2008 Ansprechpartner für Elektroinstallationen im Industriebereich und für Gebäudetechnik.,,,,,,,,,,,,,,,,,,,,,
https://www.f-tec-elektro.de/unternehmen/ueber-uns/,Mitarbeiter,"seitdem: verschiedene lokale und überregionale Installationen und Projekte im Industriebereich, Wohnungsbau und Hausbau mit 17 Mitarbeitern und neun Fahrzeugen.",,,,,,,,,,,,,,,,,,,,,
https://elektrotechnik-steinmetz.de/ueber-uns/,Gründung,Nach meiner Ausbildung zum Energie- und Gebäudetechniker im Jahr 2018 und meiner Tätigkeit als leitender Monteur habe ich 2024 Elektrotechnik Steinmetz gegründet,,,,,,,,,,,,,,,,,,,,,
https://elektrotechnik-steinmetz.de/ueber-uns/,Mitarbeiter,FOTOS,,,,,,,,,,,,,,,,,,,,,
https://www.elektro-cremerius.de/unternehmen/elektro/ueber_uns/team,Mitarbeiter,FOTOS,,,,,,,,,,,,,,,,,,,,,
https://www.elektro-cremerius.de/unternehmen/elektro/ueber_uns/team,Gründung,1949 In den ehemaligen Räumen der Metzgerei Anton Tripps beginnt Heinz Cremerius den Verkauf von Elektroartikeln. Zuvor besteht er die Meisterprüfung als Elektro-Installateur. Die Geburtsstunde des Elektrohauses Cremerius hat geschlagen.,,,,,,,,,,,,,,,,,,,,,
https://jungen-elektrotechnik.de/uber-uns/,Mitarbeiter,FOTOS,,,,,,,,,,,,,,,,,,,,,
https://www.entasi.tech/unternehmen/elektro/ueber_uns,Mitarbeiter,"Unser Team besteht aus vier moti­vier­ten, kompe­tenten und freund­lichen Mitar­bei­te­rin­nen und Mit­ar­bei­tern, die Ihren Auf­trag sauber, gewissen­haft und fach­gerecht aus­führen.",,,,,,,,,,,,,,,,,,,,,
https://www.entasi.tech/unternehmen/elektro/ueber_uns,Gründung,Elektroinstallation seit 2021,,,,,,,,,,,,,,,,,,,,,
https://jfe-gmbh.de/ueber-uns,Gründung,m 01.03.1992 wird das Unternehmen „Jürgen Fuhrmann Elektrotechnik GmbH (JFE)“,,,,,,,,,,,,,,,,,,,,,
https://jfe-gmbh.de/ueber-uns,Mitarbeiter,Mittlerweile arbeiten 14 Mitarbeiter in unserem Unternehmen.,,,,,,,,,,,,,,,,,,,,,
https://ams-elektrotechnik.de/ueber-uns/,Gründung,Das Unternehmen wurde 2003 in Köln gegründet.,,,,,,,,,,,,,,,,,,,,,
https://ams-elektrotechnik.de/ueber-uns/,Mitarbeiter,"Während wir bis 2004 auf ein Team von 3 Fachdienstleistern anwuchsen, sind es heute rund 20 Mitarbeiter, die sich mit 9 Firmenfahrzeugen im Stadtgebiet bewegen und einen umfassenden Service anbieten können.",,,,,,,,,,,,,,,,,,,,,
https://junker-elektrotechnik.de/ueber-uns/,Gründung,"Seit 2004 steht Ihnen unser Meisterbetrieb mit Kompetenz, Knowhow und umfassender Beratung zur Seite.",,,,,,,,,,,,,,,,,,,,,
https://junker-elektrotechnik.de/ueber-uns/,Mitarbeiter,"Unser 10-köpfiges Team sorgt dafür, dass Ihre Wünsche in Erfüllung gehen.",,,,,,,,,,,,,,,,,,,,,
https://soltauer-elektrotechnik.de/ueber-uns/,Mitarbeiter,"Unser Team umfasst insgesamt 41 Mitarbeiter, darunter 3 Meister, 25 ausgebildete und erfahrene Elektroinstallateure, 7 Auszubildende und 4 kaufmännische Angestellte, die auf einen über Jahre erarbeiteten Erfahrungsschatz zurückgreifen.",,,,,,,,,,,,,,,,,,,,,
http://www.bekar-elektro.de/Ueber-uns/,Gründung,"Fa. Bekar Elektrotechnik ist ein Inhaber geführtes Familienunternehmen, mit Sitz in Duisburg, seit 1994.",,,,,,,,,,,,,,,,,,,,,
https://www.elotec-elektrotechnik.de/uber-uns/,Mitarbeiter,13 Mitarbeiter,,,,,,,,,,,,,,,,,,,,,
https://www.elotec-elektrotechnik.de/uber-uns/,Gründung,Nach vielen Jahren bei Airbus wagte er 2009 den Schritt und schuf die EloTec Elektrotechnik GmbH.,,,,,,,,,,,,,,,,,,,,,
https://www.gottwald-elektrotechnik.de/ueber-uns,Gründung,1981 Gründung Gottwald & Jung Montagebetrieb,,,,,,,,,,,,,,,,,,,,,
https://www.gottwald-elektrotechnik.de/ueber-uns,Mitarbeiter,FOTOS,,,,,,,,,,,,,,,,,,,,,
https://cp-elektrotechnik.eu/ueber-uns/,Gründung,"Im Frühjahr 2017 habe ich mir dann einen Traum erfüllt und mein eigenes Unternehmen gegründet, die CP-Elektrotechnik GmbH.",,,,,,,,,,,,,,,,,,,,,
https://cp-elektrotechnik.eu/ueber-uns/,Mitarbeiter,FOTOS,,,,,,,,,,,,,,,,,,,,,
https://www.bockelmann-elektro.de/ueber-uns.html,Gründung,Erfahrung von über 30 Betriebsjahren zurückblicken.,,,,,,,,,,,,,,,,,,,,,
https://www.bockelmann-elektro.de/ueber-uns.html,Mitarbeiter,FOTO?,,,,,,,,,,,,,,,,,,,,,
https://emk-elektro.de/ueber-uns/,Gründung,Die Firma EMK Elektro wurde im Oktober 2013 als Einzelunternehmen von dem Elektrotechnikermeister Michel Kuczera gegründet.,,,,,,,,,,,,,,,,,,,,,
https://www.hd-elektrotechnik.com/ueber-uns/,Gründung,"Seit unserer Gründung im Jahr 2011 haben wir uns als ein dynamisch wachsendes, mittelständisches Unternehmen in der Elektrotechnikbranche etabliert.",,,,,,,,,,,,,,,,,,,,,
https://hermes-systeme-hamburg.de/,Gründung,Die Jürgen Rebehn Elektroanlagen GmbH ist seit der Gründung 1983 zu einem modernen und leistungsfähigen Elektroinstallateur-Unternehmen herangewachsen.,,,,,,,,,,,,,,,,,,,,,
https://hermes-systeme-hamburg.de/,Mitarbeiter,"Mit durchschnittlich 15 bis 20 Mitarbeitern und über 10 Firmenfahrzeugen sind wir, außer in Sonderfällen wie z.B. Göttingen, auf Sylt und Helgoland, überwiegend im Großraum Hamburg im nördlichen Niedersachsen und im südlichen Schleswig-Holstein tätig.",,,,,,,,,,,,,,,,,,,,,
https://www.weykamp-elektrotechnik.de/wir-ueber-uns.html,Gründung,"Wir sind seit 1982 Ihr innovativer Partner für Elektroinstallationen im Bereich Altbau, Neubau und Zweckbau.",,,,,,,,,,,,,,,,,,,,,
https://bt-elektrotechnik.de/ueber-uns/,Gründung,fair. professionell. ehrlich. seit 2016.,,,,,,,,,,,,,,,,,,,,,
https://bt-elektrotechnik.de/ueber-uns/,Mitarbeiter,FOTO/FOTOS,,,,,,,,,,,,,,,,,,,,,
https://sternelektro.de/home/ueber-uns/,Gründung,Die Firma Thomas Stern Elektrotechnik ist seit dem Jahr 2004 in den Bereichen Elektrotechnik tätig.,,,,,,,,,,,,,,,,,,,,,
https://stromkreis-elektrotechnik.de/ueber-uns/,Gründung,Im Juli/August 2021 gründete ich mein Unternehmen Stromkreis Elektrotechnik. Am 1. September 2021 habe ich meine selbständige Tätigkeit aufgenommen.,,,,,,,,,,,,,,,,,,,,,
https://www.cousin-elektrotechnik.de/ueber-uns,Gründung,Ein Jahr später – 2019 – habe ich Cousin Elektro­technik gegründet und mich auf den Bereich Photovoltaik und Elektro­mobilität spezialisiert.,,,,,,,,,,,,,,,,,,,,,
https://www.cousin-elektrotechnik.de/ueber-uns,Mitarbeiter,FOTOS,,,,,,,,,,,,,,,,,,,,,
https://leydecker-landau.de/ueber-uns/,Gründung,Wir liefern und verarbeiten Dacheindeckungen und Zubehör in verschiedensten Formen und Farben. Und das bereits seit 1920.,,,,,,,,,,,,,,,,,,,,,
https://leydecker-landau.de/leydecker-team/,Mitarbeiter,FOTOS,,,,,,,,,,,,,,,,,,,,,
https://dachdecker-heinlein.de/wir-ueber-uns/,Gründung,Unser Unternehmen wurde vor rund 86 Jahren im Jahr 1937 von Adam Heinlein gegründet.,,,,,,,,,,,,,,,,,,,,,
https://dachdecker-heinlein.de/wir-ueber-uns/,Mitarbeiter,"Wir sind froh, aktuell 12 Mitarbeiter darunter u.a. Zwei Dachdeckermeister, ein Spenglermeister, ein Zimmerermeister und zwei Auszubildende in unserem Team zu haben.",,,,,,,,,,,,,,,,,,,,,
http://www.dachdecker-knapp.de/ueber-uns.html,Gründung,624 Glückliche Kunden seit der Gründung 1889,,,,,,,,,,,,,,,,,,,,,
https://dachdecker-thormaehlen.de/,Gründung,Der Erfolg unseres Familienbetriebes basiert seit dem Gründungsjahr 1995 auf traditionellen Werten wie Verlässlichkeit und Qualität.,,,,,,,,,,,,,,,,,,,,,
https://dachdecker-thormaehlen.de/dachdeckermeister-schwerin/,Mitarbeiter,FOTOS,,,,,,,,,,,,,,,,,,,,,
https://www.asdach.de/unternehmen/wir-ueber-uns,Mitarbeiter,Über 40 qualifizierte Mitarbeiter,,,,,,,,,,,,,,,,,,,,,
https://www.asdach.de/unternehmen/wir-ueber-uns,Gründung,ASDACH wurde 1989 von Andreas Schmidt in Weißenfels gegründet.,,,,,,,,,,,,,,,,,,,,,
https://www.dachdecker-metzner.de/ueber-uns/,Mitarbeiter,FOTO,,,,,,,,,,,,,,,,,,,,,
https://www.dachdecker-metzner.de/ueber-uns/,Gründung,"Vor über 25 Jahren, wurde die Firma METZNER GmbH von Dachdeckermeister Frank Metzner gegründet.",,,,,,,,,,,,,,,,,,,,,
http://www.rolfwendelmuth-dachdeckergmbh.de/%C3%BCber-uns/,Mitarbeiter,FOTOS,,,,,,,,,,,,,,,,,,,,,
https://www.rohngmbh.de/uber-uns/,Gründung,"Wir steigen Ihnen aufs Dach - und haben dort seit 1929 Bedachungen, Fassaden-, Isolierungs- und Spengler-Arbeiten erfolgreich umgesetzt.",,,,,,,,,,,,,,,,,,,,,
https://www.sanitaer-bruning.de/unternehmen/shk/ueber_uns,Gründung,Unser in Spenge und Umgebung bekannter Handwerksbetrieb wurde im Jahre 1924 von den Gebr. Wilhelm und Heinrich Bruning gegründet und zunächst als Schlos­serei geführt.,,,,,,,,,,,,,,,,,,,,,
https://www.sanitaer-bruning.de/unternehmen/shk/ueber_uns,Mitarbeiter,Heute arbeiten in der Firma 16 Mitar­beiter für zahl­reiche zufrie­dene Kunden aus Indus­trie und Privat­haus­halten.,,,,,,,,,,,,,,,,,,,,,
https://www.gast-heizung.de/unternehmen/shk/ueber_uns,Gründung,"Das 1903 von Hermann Kloster­mann in Hidden­hausen ge­grün­de­te Unter­nehmen wird heute von Oliver Gast, Dipl.-Ing. für tech­ni­sche Gebäude­aus­rüs­tung mit Schwer­punkt Sani­tär-, Heizungs- und Lüf­tungs­tech­nik, geführt.",,,,,,,,,,,,,,,,,,,,,
https://www.gast-heizung.de/unternehmen/shk/ueber_uns,Mitarbeiter,Entsprechend großer Wert wird auf die Qualifikation und Ausbildung der zur Zeit 14 Mitarbeiter gelegt.,,,,,,,,,,,,,,,,,,,,,
https://www.wasser-waerme-witte.de/unternehmen/shk/ueber_uns,Gründung,"Die Firma W&S Heizungs-, Sanitär- und Elektrotechnik GmbH besteht in ihrer jetzigen Form seit über 20 Jahren. Insgesamt können wir jedoch auf eine über 60 Jahre lange Firmengeschichte zurück blicken.",,,,,,,,,,,,,,,,,,,,,
https://www.sawieracz.de/ueber-uns/,Gründung,"Seit über 50 Jahren sind wir in Vlotho und Umgebung Ihr Ansprechpartner für die Planung, Beratung und Ausführung von energiesparenden, hochwertigen und preiswerten Anlagen.",,,,,,,,,,,,,,,,,,,,,
https://www.sawieracz.de/ueber-uns/,Mitarbeiter,FOTO,,,,,,,,,,,,,,,,,,,,,
https://www.schoene-waerme.de/unternehmen/proweb-plus/ueber_uns,Mitarbeiter,"FOTO/Unser Team umfasst zurzeit 2 Innendienstmitarbeiter, 6 Monteure und 2 Auszubildende, die zum überwiegenden Teil im Privatkundenbereich arbeiten.",,,,,,,,,,,,,,,,,,,,,
https://www.shk-fink.de/ueber-uns,Gründung,"Unser traditionelles Handwerksunternehmen Fink Sanitär Heizung wurde 1974 gegründet und ist seitdem Ihr zuverlässiger Partner für hochwertige Bäder, moderne Heizungstechniken und erneuerbare Energien.",,,,,,,,,,,,,,,,,,,,,
https://www.hsl-gmbh.net/unternehmen/shk/ueber_uns,Gründung,"Wir ver­fügen über ein per­so­nell und tech­nisch hervor­ra­gend aus­ge­stat­te­tes Team von Fach­ar­bei­tern und haben über 20 Jahre Erfah­rung in Bau und Pla­nung von Anla­gen der Wär­me-, Sani­tär- und Lüf­tungs­technik.",,,,,,,,,,,,,,,,,,,,,
https://www.buteweg.de/unternehmen/shk/ueber_uns,Gründung,1981 gründete Jürgen Buteweg die gleichnamige Firma und konnte sich schnell im Großraum Niederrhein und Ruhrgebiet etablieren.,,,,,,,,,,,,,,,,,,,,,
https://www.haustechnik-isenbuettel.de/unternehmen/shk/ueber_uns,Gründung,Bereits seit 1978 bürgt unser Name für Qua­lität und Zu­ver­läs­sig­keit.,,,,,,,,,,,,,,,,,,,,,
https://lecking.de/wir-ueber-uns/,Gründung,"Wir blicken auf mehr als 100 Jahre erfolgreiche Arbeit zurück, in denen sich technisch vieles verändert hat:",,,,,,,,,,,,,,,,,,,,,
https://www.ehs-knemeyer.de/de/unser-unternehmen/unser-team/,Mitarbeiter,"FOTO/FOTOS/Unser Team besteht im Durchschnitt aus 25 - 30 Mitarbeitern, die dem Betrieb schon jahrelange Treue erweisen.",,,,,,,,,,,,,,,,,,,,,
https://www.ehs-knemeyer.de/de/unser-unternehmen/firmenhistorie/,Gründung,Bernhard Knemeyer gründete im Jahr 1963 das Unternehmen in Ostbevern in einer kleinen Werkstatt.,,,,,,,,,,,,,,,,,,,,,
https://www.metzler-haustechnik.de/ueber-uns/unser-team/,Mitarbeiter,FOTOS?,,,,,,,,,,,,,,,,,,,,,
https://www.metzler-haustechnik.de/ueber-uns/kurz-vorgestellt/,Gründung,Seit rund 120 Jahren steht der Name Metzler in Herford für zuverlässige Handwerksleistungen und erstklassigen Service in den Bereichen Sanitär und Heiztechnik.,,,,,,,,,,,,,,,,,,,,,
https://www.sawieracz.de/ueber-uns/unser-team/,Mitarbeiter,FOTO/FOTOS,,,,,,,,,,,,,,,,,,,,,
https://www.sawieracz.de/ueber-uns/,Gründung,"Seit über 50 Jahren sind wir in Vlotho und Umgebung Ihr Ansprechpartner für die Planung, Beratung und Ausführung von energiesparenden, hochwertigen und preiswerten Anlagen.",,,,,,,,,,,,,,,,,,,,,
https://sanitaer-scheer.de/unser-team,Mitarbeiter,FOTO/FOTOS,,,,,,,,,,,,,,,,,,,,,
https://www.sanitaer-jaeck.de/ueber-uns/unser-team,Mitarbeiter,FOTOS,,,,,,,,,,,,,,,,,,,,,
https://heizung-sanitaer-harth.de/unser-team,Mitarbeiter,FOTOS,,,,,,,,,,,,,,,,,,,,,
https://heizung-sanitaer-harth.de/ueber-uns,Gründung,Gegründet wurde Harth – Heizung und Sanitär am 1.7.1987 von Horst Harth in Freigericht-Altenmittlau,,,,,,,,,,,,,,,,,,,,,
https://www.j-runge.de/unternehmen/shk/team,Mitarbeiter,FOTOS,,,,,,,,,,,,,,,,,,,,,
https://michael-kranz-gmbh.de/team/,Mitarbeiter,FOTO/FOTOS,,,,,,,,,,,,,,,,,,,,,
https://www.florianfreyer.de/%C3%BCber-uns/unser-team/,Mitarbeiter,FOTO/FOTOS,,,,,,,,,,,,,,,,,,,,,
https://www.franz-dengel.de/unternehmen/shk/team,Mitarbeiter,FOTOS HINTER REITERN,,,,,,,,,,,,,,,,,,,,,
https://www.f-u-b-wasmuth.de/ueber-uns/unser-team,Mitarbeiter,FOTOS,,,,,,,,,,,,,,,,,,,,,
https://www.heizungsbau-orlowski.de/Unser-Team,Mitarbeiter,FOTO/AUFZÄHLUNG,,,,,,,,,,,,,,,,,,,,,
https://www.kocher-wiehl.de/team/,Mitarbeiter,FOTOS,,,,,,,,,,,,,,,,,,,,,
https://www.klauswasser.de/ueber-uns/unser-team/,Mitarbeiter,FOTOS,,,,,,,,,,,,,,,,,,,,,
https://www.oppermann-haustechnik.de/unternehmen/shk/team,Mitarbeiter,FOTOS,,,,,,,,,,,,,,,,,,,,,
https://schmitt-sanitaer.de/unser-team/,Mitarbeiter,FOTO/FOTOS,,,,,,,,,,,,,,,,,,,,,
https://eberhardwilhelm.de/wir/unser-team/,Mitarbeiter,FOTO,,,,,,,,,,,,,,,,,,,,,
https://www.imhofgmbh.de/team/,Mitarbeiter,FOTO/FOTOS,,,,,,,,,,,,,,,,,,,,,
https://sanitaer-weinbuch.de/unser-team/,Mitarbeiter,FOTOS,,,,,,,,,,,,,,,,,,,,,
https://www.genuttis.info/index.php?id=team,Mitarbeiter,AUFZÄHLUNG,,,,,,,,,,,,,,,,,,,,,
https://www.ganter-heizung.de/?page_id=6048,Mitarbeiter,FOTOS,,,,,,,,,,,,,,,,,,,,,
https://scheerle-sanitaer.de/Das-Unternehmen/Unser-Team,Mitarbeiter,AUFZÄHLUNG,,,,,,,,,,,,,,,,,,,,,
https://www.faulhaber-sanitaer-heizung.de/ueber-uns/unser-team/,Mitarbeiter,FOTOS,,,,,,,,,,,,,,,,,,,,,
https://www.hochdanner.de/unternehmen/proweb-advanced/team,Mitarbeiter,FOTOS/FOTO,,,,,,,,,,,,,,,,,,,,,
https://www.boese-kamen.de/unternehmen/unser-team,Mitarbeiter,FOTOS/FOTO,,,,,,,,,,,,,,,,,,,,,
https://www.heizung-sanitaer-can.de/Unser-Team/,Mitarbeiter,AUFZÄHLUNG,,,,,,,,,,,,,,,,,,,,,
https://www.sanitaer-heizung-kraemer.de/unternehmen/shk/team,Mitarbeiter,FOTOS/AUFZÄHLUNG,,,,,,,,,,,,,,,,,,,,,
https://www.lorenz-bitterfeld.de/unternehmen/shk/privat/team,Mitarbeiter,FOTOS/FOTO,,,,,,,,,,,,,,,,,,,,,
https://www.germes-geldern.com/unternehmen/shk/team,Mitarbeiter,FOTOS,,,,,,,,,,,,,,,,,,,,,
https://www.birgel-reinert.de/unternehmen/proweb-advanced/team,Mitarbeiter,FOTOS,,,,,,,,,,,,,,,,,,,,,
https://www.sonderfeld.de/unternehmen/shk/team,Mitarbeiter,FOTOS,,,,,,,,,,,,,,,,,,,,,
https://www.bischof-sanitaer.de/%C3%BCber-uns/unser-team/,Mitarbeiter,FOTOS,,,,,,,,,,,,,,,,,,,,,
https://www.hirschberger-haustechnik.de/unternehmen/team.php,Mitarbeiter,AUFZÄHLUNG,,,,,,,,,,,,,,,,,,,,,
https://www.shk-meisterbetrieb.de/?menu=822,Mitarbeiter,FOTOS,,,,,,,,,,,,,,,,,,,,,
https://www.bieda-amberg.de/unternehmen/proweb-advanced/team,Mitarbeiter,FOTOS,,,,,,,,,,,,,,,,,,,,,
https://relaunch.hinz-koeln.de/unternehmen/unser-team,Mitarbeiter,"Zusammen mit seinem Team von circa 75 Mitarbeitern sowie seinem Sohn Philipp Hinz, Prokursit, führt er das Unternehmen.",,,,,,,,,,,,,,,,,,,,,
https://www.kraft-steinheim.de/unser-team.php,Mitarbeiter,FOTO,,,,,,,,,,,,,,,,,,,,,
https://richarz-heuser-balg.de/unser-team/,Mitarbeiter,FOTO / Das operative Team besteht insgesamt aus 4 Gesellen und 3 Auszubildenden.,,,,,,,,,,,,,,,,,,,,,
https://www.herbertfey.de/index.php/ueber-uns/unser-team,Mitarbeiter,FOTOS,,,,,,,,,,,,,,,,,,,,,
https://www.wirsindhandwerk.de/oezer-sanitaer-heizung/galerie/529598/unser-team-529598,Mitarbeiter,FOTOS,,,,,,,,,,,,,,,,,,,,,
https://stoeber-sanitaertechnik.de/unser-team-aus-reinbek/,Mitarbeiter,FOTO/FOTOS,,,,,,,,,,,,,,,,,,,,,
https://www.heizung-schumacher.de/unternehmen/team,Mitarbeiter,FOTO/FOTOS,,,,,,,,,,,,,,,,,,,,,
https://www.hunger-haustechnik.de/unser-team,Mitarbeiter,FOTO/FOTOS,,,,,,,,,,,,,,,,,,,,,
https://xn--jung-heizung-sanitr-xwb.de/unser-team/,Mitarbeiter,AUFZÄHLUNG,,,,,,,,,,,,,,,,,,,,,
https://www.heizung-becker-hermeskeil.de/ueber-uns,Mitarbeiter,AUFZÄHLUNG,,,,,,,,,,,,,,,,,,,,,
https://www.koethe-gmbh.de/unternehmen/shk/team,Mitarbeiter,FOTOS,,,,,,,,,,,,,,,,,,,,,
https://www.vanhasselt-sanitaer.de/unternehmen/shk/team,Mitarbeiter,FOTOS,,,,,,,,,,,,,,,,,,,,,
https://www.sanitaer-ohz.de/unternehmen/shk/team,Mitarbeiter,FOTOS/AUFZÄHLUNG,,,,,,,,,,,,,,,,,,,,,
https://www.kniffke.de/unser-team/,Mitarbeiter,FOTO,,,,,,,,,,,,,,,,,,,,,
https://esperstedt.com/unser-team/,Mitarbeiter,Unser 4-köpfiges Team zeichnet sich durch Kundennähe und Professionalität aus.,,,,,,,,,,,,,,,,,,,,,
https://voigt-heizung-sanitaer.de/unser-team.html,Mitarbeiter,FOTOS,,,,,,,,,,,,,,,,,,,,,
https://wall-bad-heizung.de/team/,Mitarbeiter,FOTOS,,,,,,,,,,,,,,,,,,,,,
https://www.metzner-gmbh.de/unternehmen/shk/team,Mitarbeiter,FOTOS HINTER REITERN,,,,,,,,,,,,,,,,,,,,,
https://www.albert-kamphausen.de/ueber-uns/team/,Mitarbeiter,FOTOS,,,,,,,,,,,,,,,,,,,,,
https://www.deppner-haustechnik.de/unternehmen/shk/team,Mitarbeiter,FOTO/FOTOS,,,,,,,,,,,,,,,,,,,,,
https://www.scholl-heizung.de/unser_team/,Mitarbeiter,FOTOS,,,,,,,,,,,,,,,,,,,,,
https://www.menke-haustechnik.de/unternehmen/shk/team,Mitarbeiter,FOTOS,,,,,,,,,,,,,,,,,,,,,